Gene,Sex,Control,Driver,Total grooming time,Rep
Control,female,GD,medium,11.3,1
Control,female,GD,medium,4.1,2
Control,female,GD,medium,86.6,3
Control,female,GD,medium,23.2,4
Control,female,GD,medium,16.1,5
Control,female,GD,medium,53,6
Control,female,GD,medium,16.6,7
Control,female,GD,medium,57.6,8
Control,female,GD,medium,18.3,9
Control,female,GD,medium,2.2,10
Control,female,GD,medium,4.5,11
Control,female,GD,medium,25.1,12
Control,female,GD,medium,50.5,13
Control,female,GD,medium,15.2,14
Control,female,GD,medium,40.1,15
Control,female,GD,medium,20.9,16
Control,female,GD,medium,18.9,17
Control,female,GD,medium,0,18
Control,female,GD,medium,0,19
Control,female,GD,medium,0,20
Control,male,GD,medium,29.3,1
Control,male,GD,medium,40,2
Control,male,GD,medium,17.3,3
Control,male,GD,medium,7.1,4
Control,male,GD,medium,5.6,5
Control,male,GD,medium,62.8,6
Control,male,GD,medium,30.1,7
Control,male,GD,medium,3.4,8
Control,male,GD,medium,4.2,9
Control,male,GD,medium,11.2,10
Control,male,GD,medium,2.1,11
Control,male,GD,medium,24.4,12
Control,male,GD,medium,12.4,13
Control,male,GD,medium,5.6,14
Control,male,GD,medium,32.7,15
Control,male,GD,medium,22.4,16
Control,male,GD,medium,26.8,17
Control,male,GD,medium,43.7,18
Control,male,GD,medium,5.7,19
Control,male,GD,medium,0,20
Control,male,KK,medium,16.7,1
Control,male,KK,medium,57.7,2
Control,male,KK,medium,8.5,3
Control,male,KK,medium,46.2,4
Control,female,KK,medium,16,5
Control,female,KK,medium,26.2,6
Control,female,KK,medium,47.1,7
Control,female,KK,medium,32.1,8
Control,female,KK,medium,18.5,9
Control,female,KK,medium,66.2,10
Control,female,KK,medium,56.5,11
Control,female,KK,medium,80.8,12
Control,female,KK,medium,17.9,13
Control,female,KK,medium,16.7,14
Control,female,KK,medium,8.4,15
Control,female,KK,medium,22.1,16
Control,female,KK,medium,54,17
Control,female,KK,medium,87.2,18
Control,female,KK,medium,39.2,19
Control,female,KK,medium,40.2,20
Control,male,KK,medium,36.7,1
Control,male,KK,medium,57.8,2
Control,male,KK,medium,25.7,3
Control,male,KK,medium,35.1,4
Control,male,KK,medium,28.9,5
Control,male,KK,medium,28.4,6
Control,male,KK,medium,26.4,7
Control,male,KK,medium,15.2,8
Control,male,KK,medium,26,9
Control,male,KK,medium,53.8,10
Control,male,KK,medium,36.4,11
Control,male,KK,medium,21.9,12
Control,male,KK,medium,46,13
Control,male,KK,medium,36.9,14
Control,male,KK,medium,21.6,15
Control,male,KK,medium,17.8,16
Control,male,KK,medium,30.1,17
Control,male,KK,medium,64.9,18
Control,male,KK,medium,48.9,19
Control,male,KK,medium,26.1,20
pxn,male,KK,medium,18.6,1
pxn,female,KK,medium,77.7,2
pxn,female,KK,medium,65.7,3
pxn,female,KK,medium,9.5,4
pxn,female,KK,medium,20.7,5
pxn,female,KK,medium,22.5,6
pxn,female,KK,medium,53,7
pxn,female,KK,medium,22.6,8
pxn,female,KK,medium,52.1,9
pxn,female,KK,medium,62.2,10
pxn,female,KK,medium,80.6,11
pxn,female,KK,medium,67.7,12
pxn,female,KK,medium,76.7,13
pxn,female,KK,medium,42.9,14
pxn,female,KK,medium,5.5,15
pxn,female,KK,medium,30,16
pxn,male,KK,medium,142.6,1
pxn,male,KK,medium,152.7,2
pxn,male,KK,medium,12.5,3
pxn,male,KK,medium,39.9,4
pxn,male,KK,medium,24.6,5
pxn,male,KK,medium,3,6
pxn,male,KK,medium,7.3,7
pxn,male,KK,medium,5.2,8
pxn,male,KK,medium,29.8,9
pxn,male,KK,medium,37.5,10
pxn,male,KK,medium,29.6,11
pxn,male,KK,medium,77.2,12
pxn,male,KK,medium,3.9,13
pxn,male,KK,medium,62.7,14
pxn,male,KK,medium,56.7,15
pxn,male,KK,medium,46.9,16
pxn,male,KK,medium,26.4,17
pxn,male,KK,medium,0,18
pxn,male,KK,medium,0,19
pxn,male,KK,medium,0,20
PGRP-LA,female,KK,medium,111.4,1
PGRP-LA,female,KK,medium,28.7,2
PGRP-LA,female,KK,medium,104.4,3
PGRP-LA,female,KK,medium,64.5,4
PGRP-LA,female,KK,medium,89.8,5
PGRP-LA,female,KK,medium,149.1,6
PGRP-LA,female,KK,medium,42.5,7
PGRP-LA,female,KK,medium,61.3,8
PGRP-LA,female,KK,medium,50.1,9
PGRP-LA,female,KK,medium,23,10
PGRP-LA,female,KK,medium,23.7,11
PGRP-LA,female,KK,medium,40.9,12
PGRP-LA,female,KK,medium,69.8,13
PGRP-LA,female,KK,medium,0,14
PGRP-LA,female,KK,medium,0,15
PGRP-LA,female,KK,medium,0,16
PGRP-LA,female,KK,medium,0,17
PGRP-LA,female,KK,medium,0,18
PGRP-LA,female,KK,medium,0,19
PGRP-LA,female,KK,medium,0,20
PGRP-LA,male,KK,medium,21.3,1
PGRP-LA,male,KK,medium,57.2,2
PGRP-LA,male,KK,medium,41.1,3
PGRP-LA,male,KK,medium,51.5,4
PGRP-LA,male,KK,medium,71.6,5
PGRP-LA,male,KK,medium,5.8,6
PGRP-LA,male,KK,medium,43.8,7
PGRP-LA,male,KK,medium,57.1,8
PGRP-LA,male,KK,medium,27.6,9
PGRP-LA,male,KK,medium,17.4,10
PGRP-LA,male,KK,medium,34.3,11
PGRP-LA,male,KK,medium,40.8,12
PGRP-LA,male,KK,medium,50.3,13
PGRP-LA,male,KK,medium,49.1,14
PGRP-LA,male,KK,medium,33,15
PGRP-LA,male,KK,medium,105.6,16
PGRP-LA,male,KK,medium,33.8,17
PGRP-LA,male,KK,medium,18.3,18
PGRP-LA,male,KK,medium,44.3,19
PGRP-LA,male,KK,medium,50.4,20
sty,female,GD,medium,114.7,1
sty,female,GD,medium,115.9,2
sty,female,GD,medium,5.3,3
sty,female,GD,medium,36.5,4
sty,female,GD,medium,4.7,5
sty,female,GD,medium,83.7,6
sty,female,GD,medium,19.7,7
sty,female,GD,medium,1,8
sty,female,GD,medium,23.1,9
sty,female,GD,medium,30.4,10
sty,female,GD,medium,101.6,11
sty,female,GD,medium,25.2,12
sty,female,GD,medium,63.9,13
sty,female,GD,medium,22.9,14
sty,female,GD,medium,21.4,15
sty,female,GD,medium,112.4,16
sty,female,GD,medium,43.2,17
sty,female,GD,medium,94,18
sty,female,GD,medium,76.6,19
sty,female,GD,medium,37.7,20
sty,male,GD,medium,50.9,1
sty,male,GD,medium,55.2,2
sty,male,GD,medium,73.3,3
sty,male,GD,medium,48.1,4
sty,male,GD,medium,86.5,5
sty,male,GD,medium,1,6
sty,male,GD,medium,16.1,7
sty,male,GD,medium,38.4,8
sty,male,GD,medium,11.9,9
sty,male,GD,medium,82.4,10
sty,male,GD,medium,9.1,11
sty,male,GD,medium,16.9,12
sty,male,GD,medium,42.4,13
sty,male,GD,medium,12.8,14
sty,male,GD,medium,39.3,15
sty,male,GD,medium,45,16
sty,male,GD,medium,87.9,17
sty,male,GD,medium,39.2,18
sty,male,GD,medium,45.9,19
sty,male,GD,medium,0,20
osp,female,KK,medium,92.7,1
osp,female,KK,medium,42.9,2
osp,female,KK,medium,105.3,3
osp,female,KK,medium,27.9,4
osp,female,KK,medium,116,5
osp,female,KK,medium,64.5,6
osp,female,KK,medium,76.3,7
osp,female,KK,medium,81.1,8
osp,female,KK,medium,75.8,9
osp,female,KK,medium,68.3,10
osp,female,KK,medium,40.2,11
osp,female,KK,medium,101.9,12
osp,female,KK,medium,99.9,13
osp,female,KK,medium,80.5,14
osp,female,KK,medium,63.7,15
osp,female,KK,medium,70.7,16
osp,female,KK,medium,29.4,17
osp,female,KK,medium,62.7,18
osp,female,KK,medium,55.7,19
osp,female,KK,medium,52.6,20
osp,male,KK,medium,98.4,1
osp,male,KK,medium,49.5,2
osp,male,KK,medium,18.1,3
osp,male,KK,medium,73.6,4
osp,male,KK,medium,142.3,5
osp,male,KK,medium,62,6
osp,male,KK,medium,48,7
osp,male,KK,medium,19.8,8
osp,male,KK,medium,54.9,9
osp,male,KK,medium,34.2,10
osp,male,KK,medium,62.9,11
osp,male,KK,medium,44.9,12
osp,male,KK,medium,71.4,13
osp,male,KK,medium,50.3,14
osp,male,KK,medium,13.2,15
osp,male,KK,medium,59.4,16
osp,male,KK,medium,55.4,17
osp,male,KK,medium,40.8,18
osp,male,KK,medium,30,19
osp,male,KK,medium,39.5,20
Smg5,female,KK,medium,115.1,1
Smg5,female,KK,medium,55.2,2
Smg5,female,KK,medium,44.2,3
Smg5,female,KK,medium,39.5,4
Smg5,female,KK,medium,25.6,5
Smg5,female,KK,medium,34,6
Smg5,female,KK,medium,36.9,7
Smg5,female,KK,medium,24.8,8
Smg5,female,KK,medium,36.9,9
Smg5,female,KK,medium,14.9,10
Smg5,female,KK,medium,94.2,11
Smg5,female,KK,medium,26.1,12
Smg5,female,KK,medium,41.8,13
Smg5,female,KK,medium,53.6,14
Smg5,female,KK,medium,30.5,15
Smg5,female,KK,medium,52.2,16
Smg5,female,KK,medium,68,17
Smg5,female,KK,medium,50.8,18
Smg5,female,KK,medium,0,19
Smg5,female,KK,medium,0,20
Smg5,male,KK,medium,20.1,1
Smg5,male,KK,medium,21.1,2
Smg5,male,KK,medium,96.6,3
Smg5,male,KK,medium,14.9,4
Smg5,male,KK,medium,4.4,5
Smg5,male,KK,medium,41.6,6
Smg5,male,KK,medium,3.1,7
Smg5,male,KK,medium,36.9,8
Smg5,male,KK,medium,8,9
Smg5,male,KK,medium,63.2,10
Smg5,male,KK,medium,21.5,11
Smg5,male,KK,medium,42.9,12
Smg5,male,KK,medium,44.7,13
Smg5,male,KK,medium,37.1,14
Smg5,male,KK,medium,25,15
Smg5,male,KK,medium,40.9,16
Smg5,male,KK,medium,0,17
Smg5,male,KK,medium,0,18
Smg5,male,KK,medium,0,19
Smg5,male,KK,medium,0,20
Lrch,female,KK,medium,38.6,1
Lrch,female,KK,medium,25.9,2
Lrch,female,KK,medium,37.7,3
Lrch,female,KK,medium,21.8,4
Lrch,female,KK,medium,138.2,5
Lrch,female,KK,medium,55.3,6
Lrch,female,KK,medium,100.3,7
Lrch,female,KK,medium,37.7,8
Lrch,female,KK,medium,96.1,9
Lrch,female,KK,medium,29.3,10
Lrch,female,KK,medium,43.3,11
Lrch,female,KK,medium,40.7,12
Lrch,female,KK,medium,43.3,13
Lrch,female,KK,medium,142.7,14
Lrch,female,KK,medium,31.4,15
Lrch,female,KK,medium,122.5,16
Lrch,female,KK,medium,15.3,17
Lrch,female,KK,medium,20.6,18
Lrch,female,KK,medium,20.8,19
Lrch,female,KK,medium,22.1,20
Lrch,male,KK,medium,54.3,1
Lrch,male,KK,medium,88.8,2
Lrch,male,KK,medium,64.8,3
Lrch,male,KK,medium,11.1,4
Lrch,male,KK,medium,31.7,5
Lrch,male,KK,medium,21,6
Lrch,male,KK,medium,89.6,7
Lrch,male,KK,medium,55.4,8
Lrch,male,KK,medium,31.5,9
Lrch,male,KK,medium,42.3,10
Lrch,male,KK,medium,24.2,11
Lrch,male,KK,medium,50.6,12
Lrch,male,KK,medium,21.2,13
Lrch,male,KK,medium,64.7,14
Lrch,male,KK,medium,6.5,15
Lrch,male,KK,medium,22.1,16
Lrch,male,KK,medium,30.3,17
Lrch,male,KK,medium,36.9,18
Lrch,male,KK,medium,39.8,19
Lrch,male,KK,medium,55,20
Trf2,female,GD,medium,42.8,1
Trf2,female,GD,medium,64.6,2
Trf2,female,GD,medium,22.5,3
Trf2,female,GD,medium,54.5,4
Trf2,female,GD,medium,69.5,5
Trf2,female,GD,medium,45.9,6
Trf2,female,GD,medium,27.5,7
Trf2,female,GD,medium,3.3,8
Trf2,female,GD,medium,24.4,9
Trf2,female,GD,medium,4.1,10
Trf2,female,GD,medium,19.6,11
Trf2,female,GD,medium,42.7,12
Trf2,female,GD,medium,50.9,13
Trf2,female,GD,medium,27.7,14
Trf2,female,GD,medium,0,15
Trf2,female,GD,medium,0,16
Trf2,female,GD,medium,0,17
Trf2,female,GD,medium,0,18
Trf2,female,GD,medium,0,19
Trf2,female,GD,medium,0,20
Trf2,male,GD,medium,28.2,1
Trf2,male,GD,medium,20.2,2
Trf2,male,GD,medium,34.6,3
Trf2,male,GD,medium,49.1,4
Trf2,male,GD,medium,53.5,5
Trf2,male,GD,medium,11.6,6
Trf2,male,GD,medium,120.5,7
Trf2,male,GD,medium,85.2,8
Trf2,male,GD,medium,26,9
Trf2,male,GD,medium,25.1,10
Trf2,male,GD,medium,13.7,11
Trf2,male,GD,medium,24.4,12
Trf2,male,GD,medium,32,13
Trf2,male,GD,medium,42,14
Trf2,male,GD,medium,47.4,15
Trf2,male,GD,medium,10.1,16
Trf2,male,GD,medium,27.5,17
Trf2,male,GD,medium,102.2,18
Trf2,male,GD,medium,0,19
Trf2,male,GD,medium,0,20
CCKLR-17D3,female,KK,medium,12.6,1
CCKLR-17D3,female,KK,medium,27.8,2
CCKLR-17D3,female,KK,medium,14.8,3
CCKLR-17D3,female,KK,medium,28.7,4
CCKLR-17D3,female,KK,medium,47.8,5
CCKLR-17D3,female,KK,medium,34.7,6
CCKLR-17D3,female,KK,medium,30.4,7
CCKLR-17D3,female,KK,medium,34.1,8
CCKLR-17D3,female,KK,medium,32,9
CCKLR-17D3,female,KK,medium,37.7,10
CCKLR-17D3,female,KK,medium,33.2,11
CCKLR-17D3,female,KK,medium,39.1,12
CCKLR-17D3,female,KK,medium,63.9,13
CCKLR-17D3,female,KK,medium,45.1,14
CCKLR-17D3,female,KK,medium,40.2,15
CCKLR-17D3,female,KK,medium,18.3,16
CCKLR-17D3,female,KK,medium,39.3,17
CCKLR-17D3,female,KK,medium,50.7,18
CCKLR-17D3,female,KK,medium,24.6,19
CCKLR-17D3,female,KK,medium,30.6,20
CCKLR-17D3,male,KK,medium,25.7,1
CCKLR-17D3,male,KK,medium,22,2
CCKLR-17D3,male,KK,medium,22.3,3
CCKLR-17D3,male,KK,medium,16.2,4
CCKLR-17D3,male,KK,medium,32.2,5
CCKLR-17D3,male,KK,medium,20.7,6
CCKLR-17D3,male,KK,medium,30.9,7
CCKLR-17D3,male,KK,medium,10.9,8
CCKLR-17D3,male,KK,medium,33.8,9
CCKLR-17D3,male,KK,medium,28.5,10
CCKLR-17D3,male,KK,medium,23.9,11
CCKLR-17D3,male,KK,medium,21.6,12
CCKLR-17D3,male,KK,medium,62.4,13
CCKLR-17D3,male,KK,medium,5.4,14
CCKLR-17D3,male,KK,medium,35.7,15
CCKLR-17D3,male,KK,medium,17.4,16
CCKLR-17D3,male,KK,medium,39.3,17
CCKLR-17D3,male,KK,medium,35.1,18
CCKLR-17D3,male,KK,medium,12.2,19
CCKLR-17D3,male,KK,medium,0,20
PsGEF,female,KK,medium,59.2,1
PsGEF,female,KK,medium,36.7,2
PsGEF,female,KK,medium,36.8,3
PsGEF,female,KK,medium,49,4
PsGEF,female,KK,medium,65,5
PsGEF,female,KK,medium,9,6
PsGEF,female,KK,medium,12.5,7
PsGEF,female,KK,medium,36.7,8
PsGEF,female,KK,medium,3.1,9
PsGEF,female,KK,medium,77.3,10
PsGEF,female,KK,medium,15.1,11
PsGEF,female,KK,medium,11.2,12
PsGEF,female,KK,medium,4.5,13
PsGEF,female,KK,medium,19,14
PsGEF,female,KK,medium,77.5,15
PsGEF,female,KK,medium,61.5,16
PsGEF,female,KK,medium,19.9,17
PsGEF,female,KK,medium,23.3,18
PsGEF,female,KK,medium,29.3,19
PsGEF,female,KK,medium,52.9,20
PsGEF,male,KK,medium,12.7,1
PsGEF,male,KK,medium,8,2
PsGEF,male,KK,medium,12.5,3
PsGEF,male,KK,medium,85.8,4
PsGEF,male,KK,medium,40.8,5
PsGEF,male,KK,medium,63.2,6
PsGEF,male,KK,medium,38.8,7
PsGEF,male,KK,medium,32.3,8
PsGEF,male,KK,medium,18.1,9
PsGEF,male,KK,medium,30.3,10
PsGEF,male,KK,medium,7.3,11
PsGEF,male,KK,medium,10,12
PsGEF,male,KK,medium,34,13
PsGEF,male,KK,medium,9.4,14
PsGEF,male,KK,medium,43.6,15
PsGEF,male,KK,medium,10.6,16
PsGEF,male,KK,medium,4.5,17
PsGEF,male,KK,medium,0,18
PsGEF,male,KK,medium,0,19
PsGEF,male,KK,medium,0,20
SdhA,female,KK,medium,28.9,1
SdhA,female,KK,medium,28.3,2
SdhA,female,KK,medium,50,3
SdhA,female,KK,medium,60.5,4
SdhA,female,KK,medium,36.1,5
SdhA,female,KK,medium,58.5,6
SdhA,female,KK,medium,9.9,7
SdhA,female,KK,medium,7.8,8
SdhA,female,KK,medium,51.1,9
SdhA,female,KK,medium,50.6,10
SdhA,female,KK,medium,13.7,11
SdhA,female,KK,medium,80.9,12
SdhA,female,KK,medium,32.9,13
SdhA,female,KK,medium,44.1,14
SdhA,female,KK,medium,28.9,15
SdhA,female,KK,medium,41.6,16
SdhA,female,KK,medium,16.5,17
SdhA,female,KK,medium,18.4,18
SdhA,female,KK,medium,0,19
SdhA,female,KK,medium,0,20
SdhA,male,KK,medium,20.4,1
SdhA,male,KK,medium,3.5,2
SdhA,male,KK,medium,19.9,3
SdhA,male,KK,medium,153.3,4
SdhA,male,KK,medium,60.5,5
SdhA,male,KK,medium,69.4,6
SdhA,male,KK,medium,34.3,7
SdhA,male,KK,medium,93.7,8
SdhA,male,KK,medium,38.1,9
SdhA,male,KK,medium,43.3,10
SdhA,male,KK,medium,11,11
SdhA,male,KK,medium,79.3,12
SdhA,male,KK,medium,60.1,13
SdhA,male,KK,medium,23.7,14
SdhA,male,KK,medium,14.4,15
SdhA,male,KK,medium,55,16
SdhA,male,KK,medium,15.1,17
SdhA,male,KK,medium,0,18
SdhA,male,KK,medium,0,19
SdhA,male,KK,medium,0,20
CG13229,female,KK,medium,2.1,1
CG13229,female,KK,medium,4.5,2
CG13229,female,KK,medium,4.4,3
CG13229,female,KK,medium,5.2,4
CG13229,female,KK,medium,15.9,5
CG13229,female,KK,medium,5.9,6
CG13229,female,KK,medium,1.1,7
CG13229,female,KK,medium,13,8
CG13229,female,KK,medium,25.2,9
CG13229,female,KK,medium,23,10
CG13229,female,KK,medium,19.7,11
CG13229,female,KK,medium,55.8,12
CG13229,female,KK,medium,0,13
CG13229,female,KK,medium,0,14
CG13229,female,KK,medium,0,15
CG13229,female,KK,medium,0,16
CG13229,female,KK,medium,0,17
CG13229,female,KK,medium,0,18
CG13229,female,KK,medium,0,19
CG13229,female,KK,medium,0,20
CG13229,male,KK,medium,19.3,1
CG13229,male,KK,medium,4.4,2
CG13229,male,KK,medium,3.6,3
CG13229,male,KK,medium,11.7,4
CG13229,male,KK,medium,5.2,5
CG13229,male,KK,medium,7.7,6
CG13229,male,KK,medium,9,7
CG13229,male,KK,medium,30.3,8
CG13229,male,KK,medium,49.2,9
CG13229,male,KK,medium,23.7,10
CG13229,male,KK,medium,47.2,11
CG13229,male,KK,medium,98.3,12
CG13229,male,KK,medium,0,13
CG13229,male,KK,medium,0,14
CG13229,male,KK,medium,0,15
CG13229,male,KK,medium,0,16
CG13229,male,KK,medium,0,17
CG13229,male,KK,medium,0,18
CG13229,male,KK,medium,0,19
CG13229,male,KK,medium,0,20
Eaat1/ CG3747,female,KK,medium,2.4,1
Eaat1/ CG3747,female,KK,medium,19.9,2
Eaat1/ CG3747,female,KK,medium,72.1,3
Eaat1/ CG3747,female,KK,medium,21.9,4
Eaat1/ CG3747,female,KK,medium,36.2,5
Eaat1/ CG3747,female,KK,medium,24.4,6
Eaat1/ CG3747,female,KK,medium,103.8,7
Eaat1/ CG3747,female,KK,medium,84.5,8
Eaat1/ CG3747,female,KK,medium,79.2,9
Eaat1/ CG3747,female,KK,medium,5.1,10
Eaat1/ CG3747,female,KK,medium,48.9,11
Eaat1/ CG3747,female,KK,medium,69.8,12
Eaat1/ CG3747,female,KK,medium,81,13
Eaat1/ CG3747,female,KK,medium,2.4,14
Eaat1/ CG3747,female,KK,medium,0,15
Eaat1/ CG3747,female,KK,medium,0,16
Eaat1/ CG3747,female,KK,medium,0,17
Eaat1/ CG3747,female,KK,medium,0,18
Eaat1/ CG3747,female,KK,medium,0,19
Eaat1/ CG3747,female,KK,medium,0,20
Eaat1/ CG3747,male,KK,medium,26.3,1
Eaat1/ CG3747,male,KK,medium,3.9,2
Eaat1/ CG3747,male,KK,medium,74.7,3
Eaat1/ CG3747,male,KK,medium,12.2,4
Eaat1/ CG3747,male,KK,medium,54.2,5
Eaat1/ CG3747,male,KK,medium,18.6,6
Eaat1/ CG3747,male,KK,medium,86.7,7
Eaat1/ CG3747,male,KK,medium,46.2,8
Eaat1/ CG3747,male,KK,medium,22.1,9
Eaat1/ CG3747,male,KK,medium,19.4,10
Eaat1/ CG3747,male,KK,medium,19.7,11
Eaat1/ CG3747,male,KK,medium,46.1,12
Eaat1/ CG3747,male,KK,medium,23.6,13
Eaat1/ CG3747,male,KK,medium,1.8,14
Eaat1/ CG3747,male,KK,medium,58.8,15
Eaat1/ CG3747,male,KK,medium,15.3,16
Eaat1/ CG3747,male,KK,medium,5.9,17
Eaat1/ CG3747,male,KK,medium,0,18
Eaat1/ CG3747,male,KK,medium,0,19
Eaat1/ CG3747,male,KK,medium,0,20
Cht6,female,KK,medium,43,1
Cht6,female,KK,medium,24.1,2
Cht6,female,KK,medium,11.8,3
Cht6,female,KK,medium,41.4,4
Cht6,female,KK,medium,51.8,5
Cht6,female,KK,medium,12.7,6
Cht6,female,KK,medium,35.3,7
Cht6,female,KK,medium,61.2,8
Cht6,female,KK,medium,20.1,9
Cht6,female,KK,medium,28.6,10
Cht6,female,KK,medium,43,11
Cht6,female,KK,medium,23.1,12
Cht6,female,KK,medium,36.5,13
Cht6,female,KK,medium,41.5,14
Cht6,female,KK,medium,28,15
Cht6,female,KK,medium,26.1,16
Cht6,female,KK,medium,34.9,17
Cht6,female,KK,medium,42.6,18
Cht6,female,KK,medium,56.5,19
Cht6,female,KK,medium,68.7,20
Cht6,male,KK,medium,29.6,1
Cht6,male,KK,medium,27.8,2
Cht6,male,KK,medium,31,3
Cht6,male,KK,medium,28.1,4
Cht6,male,KK,medium,48.6,5
Cht6,male,KK,medium,44.6,6
Cht6,male,KK,medium,79.2,7
Cht6,male,KK,medium,88.1,8
Cht6,male,KK,medium,102.4,9
Cht6,male,KK,medium,14.3,10
Cht6,male,KK,medium,60.1,11
Cht6,male,KK,medium,39.5,12
Cht6,male,KK,medium,45.8,13
Cht6,male,KK,medium,34.6,14
Cht6,male,KK,medium,8.6,15
Cht6,male,KK,medium,80.5,16
Cht6,male,KK,medium,49,17
Cht6,male,KK,medium,0,18
Cht6,male,KK,medium,0,19
Cht6,male,KK,medium,0,20
GEFmeso,female,GD,medium,24,1
GEFmeso,female,GD,medium,41.2,2
GEFmeso,female,GD,medium,42.3,3
GEFmeso,female,GD,medium,43.9,4
GEFmeso,female,GD,medium,41.6,5
GEFmeso,female,GD,medium,102.8,6
GEFmeso,female,GD,medium,46.2,7
GEFmeso,female,GD,medium,56.3,8
GEFmeso,female,GD,medium,15.8,9
GEFmeso,female,GD,medium,57.1,10
GEFmeso,female,GD,medium,56.4,11
GEFmeso,female,GD,medium,54.9,12
GEFmeso,female,GD,medium,52.9,13
GEFmeso,female,GD,medium,28.6,14
GEFmeso,female,GD,medium,33.7,15
GEFmeso,female,GD,medium,41,16
GEFmeso,female,GD,medium,29,17
GEFmeso,female,GD,medium,67,18
GEFmeso,female,GD,medium,57.1,19
GEFmeso,female,GD,medium,13.8,20
GEFmeso,male,GD,medium,32.5,1
GEFmeso,male,GD,medium,9.3,2
GEFmeso,male,GD,medium,65.6,3
GEFmeso,male,GD,medium,61.2,4
GEFmeso,male,GD,medium,47.1,5
GEFmeso,male,GD,medium,32,6
GEFmeso,male,GD,medium,36.6,7
GEFmeso,male,GD,medium,5.9,8
GEFmeso,male,GD,medium,8.4,9
GEFmeso,male,GD,medium,24.6,10
GEFmeso,male,GD,medium,71.6,11
GEFmeso,male,GD,medium,17.1,12
GEFmeso,male,GD,medium,38.5,13
GEFmeso,male,GD,medium,79.6,14
GEFmeso,male,GD,medium,20.8,15
GEFmeso,male,GD,medium,10.3,16
GEFmeso,male,GD,medium,25.2,17
GEFmeso,male,GD,medium,58.1,18
GEFmeso,male,GD,medium,0,19
GEFmeso,male,GD,medium,0,20
CG31221,female,KK,medium,58.7,1
CG31221,female,KK,medium,62.4,2
CG31221,female,KK,medium,55.9,3
CG31221,female,KK,medium,43.8,4
CG31221,female,KK,medium,53.4,5
CG31221,female,KK,medium,53.2,6
CG31221,female,KK,medium,51.8,7
CG31221,female,KK,medium,45.5,8
CG31221,female,KK,medium,41.8,9
CG31221,female,KK,medium,20.2,10
CG31221,female,KK,medium,32.4,11
CG31221,female,KK,medium,37.8,12
CG31221,female,KK,medium,35.9,13
CG31221,female,KK,medium,22.2,14
CG31221,female,KK,medium,48,15
CG31221,female,KK,medium,80,16
CG31221,female,KK,medium,38.8,17
CG31221,female,KK,medium,25.6,18
CG31221,female,KK,medium,82.5,19
CG31221,female,KK,medium,0,20
CG31221,male,KK,medium,69.4,1
CG31221,male,KK,medium,84.7,2
CG31221,male,KK,medium,54.7,3
CG31221,male,KK,medium,63.9,4
CG31221,male,KK,medium,56.2,5
CG31221,male,KK,medium,41.8,6
CG31221,male,KK,medium,59.3,7
CG31221,male,KK,medium,9.9,8
CG31221,male,KK,medium,38.5,9
CG31221,male,KK,medium,81.4,10
CG31221,male,KK,medium,52.2,11
CG31221,male,KK,medium,24.8,12
CG31221,male,KK,medium,43.3,13
CG31221,male,KK,medium,57.1,14
CG31221,male,KK,medium,27.5,15
CG31221,male,KK,medium,41.3,16
CG31221,male,KK,medium,25.7,17
CG31221,male,KK,medium,4.3,18
CG31221,male,KK,medium,27.9,19
CG31221,male,KK,medium,0,20
CG6767,female,KK,medium,76.5,1
CG6767,female,KK,medium,13,2
CG6767,female,KK,medium,107.9,3
CG6767,female,KK,medium,18.4,4
CG6767,female,KK,medium,26.9,5
CG6767,female,KK,medium,24.7,6
CG6767,female,KK,medium,9.8,7
CG6767,female,KK,medium,5.8,8
CG6767,female,KK,medium,33.9,9
CG6767,female,KK,medium,5.5,10
CG6767,female,KK,medium,12.4,11
CG6767,female,KK,medium,75.5,12
CG6767,female,KK,medium,31.4,13
CG6767,female,KK,medium,0,14
CG6767,female,KK,medium,0,15
CG6767,female,KK,medium,0,16
CG6767,female,KK,medium,0,17
CG6767,female,KK,medium,0,18
CG6767,female,KK,medium,0,19
CG6767,female,KK,medium,0,20
CG6767,male,KK,medium,3.3,1
CG6767,male,KK,medium,13.2,2
CG6767,male,KK,medium,14.3,3
CG6767,male,KK,medium,90.4,4
CG6767,male,KK,medium,16.8,5
CG6767,male,KK,medium,64.7,6
CG6767,male,KK,medium,21.2,7
CG6767,male,KK,medium,56.1,8
CG6767,male,KK,medium,27,9
CG6767,male,KK,medium,103.3,10
CG6767,male,KK,medium,9.6,11
CG6767,male,KK,medium,13.2,12
CG6767,male,KK,medium,59,13
CG6767,male,KK,medium,41.4,14
CG6767,male,KK,medium,60.5,15
CG6767,male,KK,medium,49.2,16
CG6767,male,KK,medium,7.5,17
CG6767,male,KK,medium,29.1,18
CG6767,male,KK,medium,0,19
CG6767,male,KK,medium,0,20
for,female,KK,medium,60.6,1
for,female,KK,medium,53.6,2
for,female,KK,medium,64.3,3
for,female,KK,medium,35.2,4
for,female,KK,medium,43.2,5
for,female,KK,medium,60.4,6
for,female,KK,medium,22.7,7
for,female,KK,medium,39.3,8
for,female,KK,medium,61.9,9
for,female,KK,medium,67.2,10
for,female,KK,medium,20.8,11
for,female,KK,medium,47.7,12
for,female,KK,medium,55.5,13
for,female,KK,medium,53.1,14
for,female,KK,medium,55.8,15
for,female,KK,medium,46.3,16
for,female,KK,medium,30,17
for,female,KK,medium,62.5,18
for,female,KK,medium,77.8,19
for,female,KK,medium,97.7,20
for,male,KK,medium,13.2,1
for,male,KK,medium,31.7,2
for,male,KK,medium,91.2,3
for,male,KK,medium,33.5,4
for,male,KK,medium,27.8,5
for,male,KK,medium,42.1,6
for,male,KK,medium,32.3,7
for,male,KK,medium,48.8,8
for,male,KK,medium,57.4,9
for,male,KK,medium,61.1,10
for,male,KK,medium,51.3,11
for,male,KK,medium,51.4,12
for,male,KK,medium,59.4,13
for,male,KK,medium,38.6,14
for,male,KK,medium,32.9,15
for,male,KK,medium,40.4,16
for,male,KK,medium,33.9,17
for,male,KK,medium,47.1,18
for,male,KK,medium,71.6,19
for,male,KK,medium,27.7,20
Ptp99A,female,KK,medium,103.4,1
Ptp99A,female,KK,medium,12.7,2
Ptp99A,female,KK,medium,29.9,3
Ptp99A,female,KK,medium,112.4,4
Ptp99A,female,KK,medium,100,5
Ptp99A,female,KK,medium,58.8,6
Ptp99A,female,KK,medium,90.3,7
Ptp99A,female,KK,medium,49.3,8
Ptp99A,female,KK,medium,38.4,9
Ptp99A,female,KK,medium,102.6,10
Ptp99A,female,KK,medium,0,11
Ptp99A,female,KK,medium,0,12
Ptp99A,female,KK,medium,0,13
Ptp99A,female,KK,medium,0,14
Ptp99A,male,KK,medium,12.3,1
Ptp99A,male,KK,medium,139.2,2
Ptp99A,male,KK,medium,23.5,3
Ptp99A,male,KK,medium,89.3,4
Ptp99A,male,KK,medium,64.3,5
Ptp99A,male,KK,medium,3.1,6
Ptp99A,male,KK,medium,32.8,7
Ptp99A,male,KK,medium,58.3,8
Ptp99A,male,KK,medium,41.6,9
Ptp99A,male,KK,medium,51.5,10
Ptp99A,male,KK,medium,9,11
Ptp99A,male,KK,medium,10.9,12
Ptp99A,male,KK,medium,65.9,13
Ptp99A,male,KK,medium,21.4,14
Ptp99A,male,KK,medium,75.4,15
Ptp99A,male,KK,medium,63.4,16
Ptp99A,male,KK,medium,66.4,17
Ptp99A,male,KK,medium,140.4,18
Ptp99A,male,KK,medium,35.3,19
Ptp99A,male,KK,medium,12.5,20
Ptp99A,male,KK,medium,0,21
Ptp99A,male,KK,medium,0,22
CG17839,female,KK,medium,62.7,1
CG17839,female,KK,medium,55.9,2
CG17839,female,KK,medium,60.9,3
CG17839,female,KK,medium,38.9,4
CG17839,female,KK,medium,50.6,5
CG17839,female,KK,medium,60,6
CG17839,female,KK,medium,41.2,7
CG17839,female,KK,medium,31.7,8
CG17839,female,KK,medium,49.1,9
CG17839,female,KK,medium,39.5,10
CG17839,female,KK,medium,44.3,11
CG17839,female,KK,medium,66.1,12
CG17839,female,KK,medium,24,13
CG17839,female,KK,medium,20.6,14
CG17839,female,KK,medium,62.1,15
CG17839,female,KK,medium,47.1,16
CG17839,female,KK,medium,68.9,17
CG17839,female,KK,medium,94.2,18
CG17839,female,KK,medium,9.2,19
CG17839,female,KK,medium,0,20
CG17839,male,KK,medium,14.1,1
CG17839,male,KK,medium,32.8,2
CG17839,male,KK,medium,58,3
CG17839,male,KK,medium,47.3,4
CG17839,male,KK,medium,37.5,5
CG17839,male,KK,medium,49.9,6
CG17839,male,KK,medium,48.5,7
CG17839,male,KK,medium,43.9,8
CG17839,male,KK,medium,76.4,9
CG17839,male,KK,medium,49.7,10
CG17839,male,KK,medium,42.6,11
CG17839,male,KK,medium,79.8,12
CG17839,male,KK,medium,38.5,13
CG17839,male,KK,medium,101.7,14
CG17839,male,KK,medium,28.5,15
CG17839,male,KK,medium,26.3,16
CG17839,male,KK,medium,142,17
CG17839,male,KK,medium,47.2,18
CG17839,male,KK,medium,0,19
CG17839,male,KK,medium,0,20
pnt,female,KK,medium,9,1
pnt,female,KK,medium,46.4,2
pnt,female,KK,medium,27.1,3
pnt,female,KK,medium,54.8,4
pnt,female,KK,medium,65.4,5
pnt,female,KK,medium,13.9,6
pnt,female,KK,medium,21.3,7
pnt,female,KK,medium,46.9,8
pnt,female,KK,medium,25.7,9
pnt,female,KK,medium,49.3,10
pnt,female,KK,medium,60.2,11
pnt,female,KK,medium,25.8,12
pnt,female,KK,medium,41.4,13
pnt,female,KK,medium,29.6,14
pnt,female,KK,medium,51.4,15
pnt,female,KK,medium,11.7,16
pnt,female,KK,medium,24.8,17
pnt,female,KK,medium,68.4,18
pnt,female,KK,medium,64.5,19
pnt,female,KK,medium,0,20
pnt,male,KK,medium,50,1
pnt,male,KK,medium,24.7,2
pnt,male,KK,medium,25.3,3
pnt,male,KK,medium,1.4,4
pnt,male,KK,medium,34.2,5
pnt,male,KK,medium,29.5,6
pnt,male,KK,medium,52,7
pnt,male,KK,medium,58.4,8
pnt,male,KK,medium,6.7,9
pnt,male,KK,medium,97.6,10
pnt,male,KK,medium,17.8,11
pnt,male,KK,medium,60,12
pnt,male,KK,medium,33.2,13
pnt,male,KK,medium,4.3,14
pnt,male,KK,medium,42.2,15
pnt,male,KK,medium,53.1,16
pnt,male,KK,medium,0,17
pnt,male,KK,medium,0,18
pnt,male,KK,medium,0,19
pnt,male,KK,medium,0,20
Ptp10D,female,KK,medium,60.7,1
Ptp10D,female,KK,medium,32.1,2
Ptp10D,female,KK,medium,12.2,3
Ptp10D,female,KK,medium,21.3,4
Ptp10D,female,KK,medium,3.2,5
Ptp10D,female,KK,medium,22.4,6
Ptp10D,female,KK,medium,28.7,7
Ptp10D,female,KK,medium,69.4,8
Ptp10D,female,KK,medium,21.3,9
Ptp10D,female,KK,medium,25.7,10
Ptp10D,female,KK,medium,52.3,11
Ptp10D,female,KK,medium,24.8,12
Ptp10D,female,KK,medium,34.7,13
Ptp10D,female,KK,medium,75.9,14
Ptp10D,female,KK,medium,77.1,15
Ptp10D,female,KK,medium,22.3,16
Ptp10D,female,KK,medium,67.1,17
Ptp10D,female,KK,medium,25.5,18
Ptp10D,female,KK,medium,39.3,19
Ptp10D,female,KK,medium,0,20
Ptp10D,male,KK,medium,21,1
Ptp10D,male,KK,medium,72.3,2
Ptp10D,male,KK,medium,22.3,3
Ptp10D,male,KK,medium,56.7,4
Ptp10D,male,KK,medium,68.2,5
Ptp10D,male,KK,medium,51.9,6
Ptp10D,male,KK,medium,17.5,7
Ptp10D,male,KK,medium,62.5,8
Ptp10D,male,KK,medium,53.9,9
Ptp10D,male,KK,medium,31.9,10
Ptp10D,male,KK,medium,23.4,11
Ptp10D,male,KK,medium,21.3,12
Ptp10D,male,KK,medium,9.7,13
Ptp10D,male,KK,medium,39.8,14
Ptp10D,male,KK,medium,6,15
Ptp10D,male,KK,medium,34,16
Ptp10D,male,KK,medium,8.1,17
Ptp10D,male,KK,medium,0,18
Ptp10D,male,KK,medium,0,19
Ptp10D,male,KK,medium,0,20
mtt,female,KK,medium,47.1,1
mtt,female,KK,medium,10.3,2
mtt,female,KK,medium,47.6,3
mtt,female,KK,medium,54.8,4
mtt,female,KK,medium,74.5,5
mtt,female,KK,medium,45.2,6
mtt,female,KK,medium,69,7
mtt,female,KK,medium,79.5,8
mtt,female,KK,medium,54,9
mtt,female,KK,medium,61.6,10
mtt,female,KK,medium,9.8,11
mtt,female,KK,medium,66.2,12
mtt,female,KK,medium,30.8,13
mtt,female,KK,medium,71.1,14
mtt,female,KK,medium,15.9,15
mtt,female,KK,medium,13.8,16
mtt,female,KK,medium,0,17
mtt,female,KK,medium,0,18
mtt,female,KK,medium,0,19
mtt,female,KK,medium,0,20
mtt,male,KK,medium,45.1,1
mtt,male,KK,medium,73.5,2
mtt,male,KK,medium,65.2,3
mtt,male,KK,medium,16.5,4
mtt,male,KK,medium,52.6,5
mtt,male,KK,medium,24,6
mtt,male,KK,medium,35,7
mtt,male,KK,medium,59.9,8
mtt,male,KK,medium,60.1,9
mtt,male,KK,medium,25.7,10
mtt,male,KK,medium,48.8,11
mtt,male,KK,medium,50.3,12
mtt,male,KK,medium,55,13
mtt,male,KK,medium,45.4,14
mtt,male,KK,medium,46.6,15
mtt,male,KK,medium,27.6,16
mtt,male,KK,medium,13.2,17
mtt,male,KK,medium,80.2,18
mtt,male,KK,medium,0,19
mtt,male,KK,medium,0,20
CG34401,female,KK,medium,8.1,1
CG34401,female,KK,medium,1.3,2
CG34401,female,KK,medium,0.2,3
CG34401,female,KK,medium,15.9,4
CG34401,female,KK,medium,43.2,5
CG34401,female,KK,medium,20.3,6
CG34401,female,KK,medium,20.4,7
CG34401,female,KK,medium,7.6,8
CG34401,female,KK,medium,9.4,9
CG34401,female,KK,medium,21.2,10
CG34401,female,KK,medium,11.5,11
CG34401,female,KK,medium,31.3,12
CG34401,female,KK,medium,2.3,13
CG34401,female,KK,medium,41.1,14
CG34401,female,KK,medium,0,15
CG34401,female,KK,medium,0,16
CG34401,female,KK,medium,0,17
CG34401,female,KK,medium,0,18
CG34401,female,KK,medium,0,19
CG34401,female,KK,medium,0,20
CG34401,male,KK,medium,20.1,1
CG34401,male,KK,medium,6.8,2
CG34401,male,KK,medium,41.3,3
CG34401,male,KK,medium,2.8,4
CG34401,male,KK,medium,50.4,5
CG34401,male,KK,medium,14,6
CG34401,male,KK,medium,76.2,7
CG34401,male,KK,medium,10.4,8
CG34401,male,KK,medium,18.9,9
CG34401,male,KK,medium,32.1,10
CG34401,male,KK,medium,45,11
CG34401,male,KK,medium,26.3,12
CG34401,male,KK,medium,7.4,13
CG34401,male,KK,medium,0,14
CG34401,male,KK,medium,0,15
CG34401,male,KK,medium,0,16
CG34401,male,KK,medium,0,17
CG34401,male,KK,medium,0,18
CG34401,male,KK,medium,0,19
CG34401,male,KK,medium,0,20
kirre,female,KK,medium,11.4,1
kirre,female,KK,medium,31.9,2
kirre,female,KK,medium,45.3,3
kirre,female,KK,medium,27.1,4
kirre,female,KK,medium,6.1,5
kirre,female,KK,medium,20.6,6
kirre,female,KK,medium,18.8,7
kirre,female,KK,medium,56.9,8
kirre,female,KK,medium,19.9,9
kirre,female,KK,medium,6.3,10
kirre,female,KK,medium,41.5,11
kirre,female,KK,medium,43.2,12
kirre,female,KK,medium,39.7,13
kirre,female,KK,medium,31.1,14
kirre,female,KK,medium,0,15
kirre,female,KK,medium,0,16
kirre,female,KK,medium,0,17
kirre,female,KK,medium,0,18
kirre,female,KK,medium,0,19
kirre,female,KK,medium,0,20
kirre,male,KK,medium,16.5,1
kirre,male,KK,medium,107.7,2
kirre,male,KK,medium,4,3
kirre,male,KK,medium,3.2,4
kirre,male,KK,medium,85,5
kirre,male,KK,medium,45.2,6
kirre,male,KK,medium,61.4,7
kirre,male,KK,medium,33.4,8
kirre,male,KK,medium,61.7,9
kirre,male,KK,medium,45.7,10
kirre,male,KK,medium,106.8,11
kirre,male,KK,medium,4.2,12
kirre,male,KK,medium,29.5,13
kirre,male,KK,medium,48.8,14
kirre,male,KK,medium,35.7,15
kirre,male,KK,medium,51.5,16
kirre,male,KK,medium,0,17
kirre,male,KK,medium,0,18
kirre,male,KK,medium,0,19
kirre,male,KK,medium,0,20
Gdh,female,KK,medium,104.2,1
Gdh,female,KK,medium,12.4,2
Gdh,female,KK,medium,3.5,3
Gdh,female,KK,medium,2.8,4
Gdh,female,KK,medium,8.9,5
Gdh,female,KK,medium,28.4,6
Gdh,female,KK,medium,38.3,7
Gdh,female,KK,medium,70.6,8
Gdh,female,KK,medium,7.7,9
Gdh,female,KK,medium,10.6,10
Gdh,female,KK,medium,7.9,11
Gdh,female,KK,medium,47.8,12
Gdh,female,KK,medium,48,13
Gdh,female,KK,medium,31.8,14
Gdh,female,KK,medium,3.2,15
Gdh,female,KK,medium,31.1,16
Gdh,female,KK,medium,0,17
Gdh,female,KK,medium,0,18
Gdh,female,KK,medium,0,19
Gdh,female,KK,medium,0,20
Gdh,male,KK,medium,37.7,1
Gdh,male,KK,medium,43.3,2
Gdh,male,KK,medium,16.5,3
Gdh,male,KK,medium,41.4,4
Gdh,male,KK,medium,31.6,5
Gdh,male,KK,medium,30,6
Gdh,male,KK,medium,22.6,7
Gdh,male,KK,medium,32.8,8
Gdh,male,KK,medium,23.9,9
Gdh,male,KK,medium,47.9,10
Gdh,male,KK,medium,61.3,11
Gdh,male,KK,medium,31.3,12
Gdh,male,KK,medium,4.4,13
Gdh,male,KK,medium,126.1,14
Gdh,male,KK,medium,0,15
Gdh,male,KK,medium,0,16
Gdh,male,KK,medium,0,17
Gdh,male,KK,medium,0,18
Gdh,male,KK,medium,0,19
Gdh,male,KK,medium,0,20
scat,female,KK,medium,32.6,1
scat,female,KK,medium,74.3,2
scat,female,KK,medium,15.6,3
scat,female,KK,medium,34.8,4
scat,female,KK,medium,47.2,5
scat,female,KK,medium,36.2,6
scat,female,KK,medium,33.2,7
scat,female,KK,medium,25.2,8
scat,female,KK,medium,46.7,9
scat,female,KK,medium,69.7,10
scat,female,KK,medium,36.8,11
scat,female,KK,medium,15.2,12
scat,female,KK,medium,58,13
scat,female,KK,medium,2.9,14
scat,female,KK,medium,5.8,15
scat,female,KK,medium,41.1,16
scat,female,KK,medium,5.8,17
scat,female,KK,medium,81.8,18
scat,female,KK,medium,41.9,19
scat,female,KK,medium,38.2,20
scat,male,KK,medium,37.2,1
scat,male,KK,medium,11.2,2
scat,male,KK,medium,54.2,3
scat,male,KK,medium,35.2,4
scat,male,KK,medium,34.1,5
scat,male,KK,medium,23.7,6
scat,male,KK,medium,26,7
scat,male,KK,medium,47.8,8
scat,male,KK,medium,20.3,9
scat,male,KK,medium,51.2,10
scat,male,KK,medium,46.4,11
scat,male,KK,medium,70,12
scat,male,KK,medium,12.3,13
scat,male,KK,medium,27.4,14
scat,male,KK,medium,32.9,15
scat,male,KK,medium,36.1,16
scat,male,KK,medium,23.4,17
scat,male,KK,medium,26.7,18
scat,male,KK,medium,4.4,19
scat,male,KK,medium,0,20
Control,female,GD,weak,38.1,1
Control,female,GD,weak,8.3,2
Control,female,GD,weak,81.7,3
Control,female,GD,weak,12,4
Control,female,GD,weak,22.9,5
Control,female,GD,weak,5.2,6
Control,female,GD,weak,18.5,7
Control,female,GD,weak,89,8
Control,female,GD,weak,60.4,9
Control,female,GD,weak,33.1,10
Control,female,GD,weak,17.8,11
Control,female,GD,weak,64.5,12
Control,female,GD,weak,32.6,13
Control,female,GD,weak,18.7,14
Control,female,GD,weak,23.9,15
Control,female,GD,weak,0,16
Control,female,GD,weak,0,17
Control,female,GD,weak,0,18
Control,female,GD,weak,0,19
Control,female,GD,weak,0,20
Control,male,GD,weak,2.1,1
Control,male,GD,weak,29.8,2
Control,male,GD,weak,34.9,3
Control,male,GD,weak,34.2,4
Control,male,GD,weak,24.7,5
Control,male,GD,weak,86.2,6
Control,male,GD,weak,4.1,7
Control,male,GD,weak,58,8
Control,male,GD,weak,28.4,9
Control,male,GD,weak,93.1,10
Control,male,GD,weak,50.8,11
Control,male,GD,weak,33,12
Control,male,GD,weak,6,13
Control,male,GD,weak,23,14
Control,male,GD,weak,11.6,15
Control,male,GD,weak,74.9,16
Control,male,GD,weak,42.3,17
Control,male,GD,weak,27.2,18
Control,male,GD,weak,47.4,19
Control,male,GD,weak,0,20
Control,female,KK,weak,67.3,1
Control,female,KK,weak,31.9,2
Control,female,KK,weak,77.7,3
Control,female,KK,weak,12.2,4
Control,female,KK,weak,28.6,5
Control,female,KK,weak,50.3,6
Control,female,KK,weak,42.2,7
Control,female,KK,weak,13.3,8
Control,female,KK,weak,36.4,9
Control,female,KK,weak,40.5,10
Control,female,KK,weak,8.6,11
Control,female,KK,weak,47.6,12
Control,female,KK,weak,51.8,13
Control,female,KK,weak,21.6,14
Control,female,KK,weak,48.4,15
Control,female,KK,weak,51,16
Control,female,KK,weak,41.7,17
Control,female,KK,weak,51.6,18
Control,female,KK,weak,0,19
Control,female,KK,weak,0,20
Control,male,KK,weak,37.7,1
Control,male,KK,weak,6,2
Control,male,KK,weak,72.4,3
Control,male,KK,weak,2.9,4
Control,male,KK,weak,14,5
Control,male,KK,weak,7.4,6
Control,male,KK,weak,4.4,7
Control,male,KK,weak,9,8
Control,male,KK,weak,7.5,9
Control,male,KK,weak,15.1,10
Control,male,KK,weak,2.7,11
Control,male,KK,weak,64.3,12
Control,male,KK,weak,16,13
Control,male,KK,weak,88.1,14
Control,male,KK,weak,26.5,15
Control,male,KK,weak,48.4,16
Control,male,KK,weak,17.3,17
Control,male,KK,weak,38.4,18
Control,male,KK,weak,27.5,19
Control,male,KK,weak,4.1,20
PGRP-LA,female,KK,weak,36.8,1
PGRP-LA,female,KK,weak,3.9,2
PGRP-LA,female,KK,weak,116.1,3
PGRP-LA,female,KK,weak,29.4,4
PGRP-LA,female,KK,weak,13.1,5
PGRP-LA,female,KK,weak,40.7,6
PGRP-LA,female,KK,weak,37.7,7
PGRP-LA,female,KK,weak,1.7,8
PGRP-LA,female,KK,weak,4.3,9
PGRP-LA,female,KK,weak,70.4,10
PGRP-LA,female,KK,weak,14.9,11
PGRP-LA,female,KK,weak,25.7,12
PGRP-LA,female,KK,weak,71.4,13
PGRP-LA,female,KK,weak,23.4,14
PGRP-LA,female,KK,weak,0,15
PGRP-LA,female,KK,weak,0,16
PGRP-LA,female,KK,weak,0,17
PGRP-LA,female,KK,weak,0,18
PGRP-LA,female,KK,weak,0,19
PGRP-LA,female,KK,weak,0,20
PGRP-LA,male,KK,weak,50,1
PGRP-LA,male,KK,weak,26.9,2
PGRP-LA,male,KK,weak,4.1,3
PGRP-LA,male,KK,weak,36.6,4
PGRP-LA,male,KK,weak,94.2,5
PGRP-LA,male,KK,weak,15.6,6
PGRP-LA,male,KK,weak,13.2,7
PGRP-LA,male,KK,weak,77.2,8
PGRP-LA,male,KK,weak,14.2,9
PGRP-LA,male,KK,weak,6,10
PGRP-LA,male,KK,weak,25.9,11
PGRP-LA,male,KK,weak,18,12
PGRP-LA,male,KK,weak,22.9,13
PGRP-LA,male,KK,weak,60.1,14
PGRP-LA,male,KK,weak,47.6,15
PGRP-LA,male,KK,weak,54.9,16
PGRP-LA,male,KK,weak,44.3,17
PGRP-LA,male,KK,weak,22.1,18
PGRP-LA,male,KK,weak,0,19
PGRP-LA,male,KK,weak,0,20
pxn,female,KK,weak,68.5,1
pxn,female,KK,weak,2,2
pxn,female,KK,weak,77.1,3
pxn,female,KK,weak,60,4
pxn,female,KK,weak,62.1,5
pxn,female,KK,weak,29,6
pxn,female,KK,weak,11.9,7
pxn,female,KK,weak,1.4,8
pxn,female,KK,weak,14.2,9
pxn,female,KK,weak,76.7,10
pxn,female,KK,weak,83.4,11
pxn,female,KK,weak,39.2,12
pxn,female,KK,weak,20.2,13
pxn,female,KK,weak,33,14
pxn,female,KK,weak,15.9,15
pxn,female,KK,weak,58.4,16
pxn,female,KK,weak,0,17
pxn,female,KK,weak,0,18
pxn,female,KK,weak,0,19
pxn,female,KK,weak,0,20
pxn,male,KK,weak,31.1,1
pxn,male,KK,weak,41.2,2
pxn,male,KK,weak,46.1,3
pxn,male,KK,weak,40.6,4
pxn,male,KK,weak,68.3,5
pxn,male,KK,weak,8.1,6
pxn,male,KK,weak,16.8,7
pxn,male,KK,weak,69.1,8
pxn,male,KK,weak,33.2,9
pxn,male,KK,weak,9.2,10
pxn,male,KK,weak,45.8,11
pxn,male,KK,weak,79,12
pxn,male,KK,weak,41.8,13
pxn,male,KK,weak,30.2,14
pxn,male,KK,weak,37.2,15
pxn,male,KK,weak,23.9,16
pxn,male,KK,weak,49.2,17
pxn,male,KK,weak,90.9,18
pxn,male,KK,weak,17.6,19
pxn,male,KK,weak,33.8,20
Smg5,female,KK,weak,23,1
Smg5,female,KK,weak,57.9,2
Smg5,female,KK,weak,106.8,3
Smg5,female,KK,weak,26,4
Smg5,female,KK,weak,68.6,5
Smg5,female,KK,weak,3.3,6
Smg5,female,KK,weak,15.3,7
Smg5,female,KK,weak,23.7,8
Smg5,female,KK,weak,29.7,9
Smg5,female,KK,weak,23.2,10
Smg5,female,KK,weak,63.2,11
Smg5,female,KK,weak,3.7,12
Smg5,female,KK,weak,48.4,13
Smg5,female,KK,weak,0,14
Smg5,female,KK,weak,0,15
Smg5,female,KK,weak,0,16
Smg5,female,KK,weak,0,17
Smg5,female,KK,weak,0,18
Smg5,female,KK,weak,0,19
Smg5,female,KK,weak,0,20
Smg5,male,KK,weak,81.7,1
Smg5,male,KK,weak,65.9,2
Smg5,male,KK,weak,36.5,3
Smg5,male,KK,weak,106.4,4
Smg5,male,KK,weak,90.3,5
Smg5,male,KK,weak,54,6
Smg5,male,KK,weak,79.6,7
Smg5,male,KK,weak,55,8
Smg5,male,KK,weak,61,9
Smg5,male,KK,weak,23.9,10
Smg5,male,KK,weak,22.2,11
Smg5,male,KK,weak,19.2,12
Smg5,male,KK,weak,0,13
Smg5,male,KK,weak,0,14
Smg5,male,KK,weak,0,15
Smg5,male,KK,weak,0,16
Smg5,male,KK,weak,0,17
Smg5,male,KK,weak,0,18
Smg5,male,KK,weak,0,19
Smg5,male,KK,weak,0,20
Lrch,female,KK,weak,48.4,1
Lrch,female,KK,weak,139.1,2
Lrch,female,KK,weak,23.8,3
Lrch,female,KK,weak,86.6,4
Lrch,female,KK,weak,167.8,5
Lrch,female,KK,weak,4.3,6
Lrch,female,KK,weak,18.2,7
Lrch,female,KK,weak,50.7,8
Lrch,female,KK,weak,99.5,9
Lrch,female,KK,weak,24.2,10
Lrch,female,KK,weak,54.6,11
Lrch,female,KK,weak,88.1,12
Lrch,female,KK,weak,57.6,13
Lrch,female,KK,weak,90,14
Lrch,female,KK,weak,44.6,15
Lrch,female,KK,weak,59.2,16
Lrch,female,KK,weak,2.8,17
Lrch,female,KK,weak,76.2,18
Lrch,female,KK,weak,85.3,19
Lrch,female,KK,weak,39.9,20
Lrch,male,KK,weak,96.2,1
Lrch,male,KK,weak,42.8,2
Lrch,male,KK,weak,40.3,3
Lrch,male,KK,weak,15,4
Lrch,male,KK,weak,15.7,5
Lrch,male,KK,weak,13.9,6
Lrch,male,KK,weak,6.7,7
Lrch,male,KK,weak,64.9,8
Lrch,male,KK,weak,46.3,9
Lrch,male,KK,weak,70,10
Lrch,male,KK,weak,58.5,11
Lrch,male,KK,weak,49,12
Lrch,male,KK,weak,73.5,13
Lrch,male,KK,weak,75.9,14
Lrch,male,KK,weak,0,15
Lrch,male,KK,weak,0,16
Lrch,male,KK,weak,0,17
Lrch,male,KK,weak,0,18
Lrch,male,KK,weak,0,19
Lrch,male,KK,weak,0,20
Trf2,female,GD,weak,34.3,1
Trf2,female,GD,weak,56.6,2
Trf2,female,GD,weak,93.1,3
Trf2,female,GD,weak,126.4,4
Trf2,female,GD,weak,15,5
Trf2,female,GD,weak,26.5,6
Trf2,female,GD,weak,74.7,7
Trf2,female,GD,weak,72.2,8
Trf2,female,GD,weak,40.7,9
Trf2,female,GD,weak,24.9,10
Trf2,female,GD,weak,40.8,11
Trf2,female,GD,weak,63.8,12
Trf2,female,GD,weak,75.9,13
Trf2,female,GD,weak,93.4,14
Trf2,female,GD,weak,61,15
Trf2,female,GD,weak,23.2,16
Trf2,female,GD,weak,81.6,17
Trf2,female,GD,weak,85,18
Trf2,female,GD,weak,153.7,19
Trf2,female,GD,weak,0,20
Trf2,male,GD,weak,82.2,1
Trf2,male,GD,weak,38.6,2
Trf2,male,GD,weak,46,3
Trf2,male,GD,weak,3,4
Trf2,male,GD,weak,52.6,5
Trf2,male,GD,weak,49.5,6
Trf2,male,GD,weak,51,7
Trf2,male,GD,weak,63.5,8
Trf2,male,GD,weak,64,9
Trf2,male,GD,weak,2.2,10
Trf2,male,GD,weak,54.9,11
Trf2,male,GD,weak,61.4,12
Trf2,male,GD,weak,98.1,13
Trf2,male,GD,weak,96.3,14
Trf2,male,GD,weak,67.8,15
Trf2,male,GD,weak,7.1,16
Trf2,male,GD,weak,67.8,17
Trf2,male,GD,weak,3.3,18
Trf2,male,GD,weak,0,19
Trf2,male,GD,weak,0,20
CCKLR-17D3,female,KK,weak,70.2,1
CCKLR-17D3,female,KK,weak,25,2
CCKLR-17D3,female,KK,weak,20.9,3
CCKLR-17D3,female,KK,weak,39.7,4
CCKLR-17D3,female,KK,weak,96,5
CCKLR-17D3,female,KK,weak,70.2,6
CCKLR-17D3,female,KK,weak,19.3,7
CCKLR-17D3,female,KK,weak,46.3,8
CCKLR-17D3,female,KK,weak,91.9,9
CCKLR-17D3,female,KK,weak,9.6,10
CCKLR-17D3,female,KK,weak,11.5,11
CCKLR-17D3,female,KK,weak,10.6,12
CCKLR-17D3,female,KK,weak,75.7,13
CCKLR-17D3,female,KK,weak,24.6,14
CCKLR-17D3,female,KK,weak,51.5,15
CCKLR-17D3,female,KK,weak,21.3,16
CCKLR-17D3,female,KK,weak,6.5,17
CCKLR-17D3,female,KK,weak,22.9,18
CCKLR-17D3,female,KK,weak,44.7,19
CCKLR-17D3,female,KK,weak,0,20
CCKLR-17D3,male,KK,weak,21.5,1
CCKLR-17D3,male,KK,weak,46.5,2
CCKLR-17D3,male,KK,weak,66.2,3
CCKLR-17D3,male,KK,weak,48.1,4
CCKLR-17D3,male,KK,weak,34,5
CCKLR-17D3,male,KK,weak,12,6
CCKLR-17D3,male,KK,weak,29.7,7
CCKLR-17D3,male,KK,weak,22.5,8
CCKLR-17D3,male,KK,weak,85.6,9
CCKLR-17D3,male,KK,weak,5.1,10
CCKLR-17D3,male,KK,weak,19.8,11
CCKLR-17D3,male,KK,weak,22.3,12
CCKLR-17D3,male,KK,weak,65.8,13
CCKLR-17D3,male,KK,weak,22,14
CCKLR-17D3,male,KK,weak,11,15
CCKLR-17D3,male,KK,weak,10.3,16
CCKLR-17D3,male,KK,weak,29.1,17
CCKLR-17D3,male,KK,weak,54.3,18
CCKLR-17D3,male,KK,weak,22.6,19
CCKLR-17D3,male,KK,weak,0,20
PsGEF,female,KK,weak,142.5,1
PsGEF,female,KK,weak,38.2,2
PsGEF,female,KK,weak,3.7,3
PsGEF,female,KK,weak,4,4
PsGEF,female,KK,weak,3.4,5
PsGEF,female,KK,weak,3.2,6
PsGEF,female,KK,weak,3.2,7
PsGEF,female,KK,weak,3.9,8
PsGEF,female,KK,weak,5.6,9
PsGEF,female,KK,weak,7,10
PsGEF,female,KK,weak,6.6,11
PsGEF,female,KK,weak,3.5,12
PsGEF,female,KK,weak,4.4,13
PsGEF,female,KK,weak,7.6,14
PsGEF,female,KK,weak,3,15
PsGEF,female,KK,weak,3.3,16
PsGEF,female,KK,weak,10,17
PsGEF,female,KK,weak,0,18
PsGEF,female,KK,weak,0,19
PsGEF,female,KK,weak,0,20
PsGEF,male,KK,weak,4.6,1
PsGEF,male,KK,weak,3,2
PsGEF,male,KK,weak,2.2,3
PsGEF,male,KK,weak,3.6,4
PsGEF,male,KK,weak,3.4,5
PsGEF,male,KK,weak,4.9,6
PsGEF,male,KK,weak,4,7
PsGEF,male,KK,weak,3.2,8
PsGEF,male,KK,weak,0.9,9
PsGEF,male,KK,weak,2.1,10
PsGEF,male,KK,weak,11,11
PsGEF,male,KK,weak,4.1,12
PsGEF,male,KK,weak,1.4,13
PsGEF,male,KK,weak,0,14
PsGEF,male,KK,weak,0,15
PsGEF,male,KK,weak,0,16
PsGEF,male,KK,weak,0,17
PsGEF,male,KK,weak,0,18
PsGEF,male,KK,weak,0,19
PsGEF,male,KK,weak,0,20
CG33181,female,KK,weak,36.7,1
CG33181,female,KK,weak,62.2,2
CG33181,female,KK,weak,32.2,3
CG33181,female,KK,weak,50.8,4
CG33181,female,KK,weak,59.3,5
CG33181,female,KK,weak,32.1,6
CG33181,female,KK,weak,25.4,7
CG33181,female,KK,weak,44.6,8
CG33181,female,KK,weak,76.7,9
CG33181,female,KK,weak,53.3,10
CG33181,female,KK,weak,55.6,11
CG33181,female,KK,weak,114.7,12
CG33181,female,KK,weak,29.2,13
CG33181,female,KK,weak,2.7,14
CG33181,female,KK,weak,39,15
CG33181,female,KK,weak,26.7,16
CG33181,female,KK,weak,10.9,17
CG33181,female,KK,weak,0,18
CG33181,female,KK,weak,0,19
CG33181,female,KK,weak,0,20
CG33181,male,KK,weak,26.4,1
CG33181,male,KK,weak,14.7,2
CG33181,male,KK,weak,51.8,3
CG33181,male,KK,weak,56.8,4
CG33181,male,KK,weak,20.5,5
CG33181,male,KK,weak,73.6,6
CG33181,male,KK,weak,32.4,7
CG33181,male,KK,weak,11.2,8
CG33181,male,KK,weak,30.6,9
CG33181,male,KK,weak,52.7,10
CG33181,male,KK,weak,38.9,11
CG33181,male,KK,weak,74.7,12
CG33181,male,KK,weak,17.4,13
CG33181,male,KK,weak,32.7,14
CG33181,male,KK,weak,68.4,15
CG33181,male,KK,weak,27.7,16
CG33181,male,KK,weak,30.7,17
CG33181,male,KK,weak,40.8,18
CG33181,male,KK,weak,18.4,19
CG33181,male,KK,weak,24.5,20
SdhA,female,KK,weak,60.9,1
SdhA,female,KK,weak,33.4,2
SdhA,female,KK,weak,93.7,3
SdhA,female,KK,weak,36.9,4
SdhA,female,KK,weak,33,5
SdhA,female,KK,weak,25.3,6
SdhA,female,KK,weak,7.3,7
SdhA,female,KK,weak,14.3,8
SdhA,female,KK,weak,9.1,9
SdhA,female,KK,weak,17.9,10
SdhA,female,KK,weak,42.4,11
SdhA,female,KK,weak,7.3,12
SdhA,female,KK,weak,10.2,13
SdhA,female,KK,weak,125.3,14
SdhA,female,KK,weak,14.5,15
SdhA,female,KK,weak,16.8,16
SdhA,female,KK,weak,39.6,17
SdhA,female,KK,weak,3.4,18
SdhA,female,KK,weak,66.6,19
SdhA,female,KK,weak,0,20
SdhA,male,KK,weak,49.6,1
SdhA,male,KK,weak,43.6,2
SdhA,male,KK,weak,40,3
SdhA,male,KK,weak,49,4
SdhA,male,KK,weak,55.7,5
SdhA,male,KK,weak,20.6,6
SdhA,male,KK,weak,21.5,7
SdhA,male,KK,weak,43.3,8
SdhA,male,KK,weak,38.7,9
SdhA,male,KK,weak,31.3,10
SdhA,male,KK,weak,9.9,11
SdhA,male,KK,weak,33.9,12
SdhA,male,KK,weak,28.8,13
SdhA,male,KK,weak,22.9,14
SdhA,male,KK,weak,40.9,15
SdhA,male,KK,weak,4.6,16
SdhA,male,KK,weak,34.3,17
SdhA,male,KK,weak,51.5,18
SdhA,male,KK,weak,37.8,19
SdhA,male,KK,weak,52.5,20
Eaat1/ CG3747,male,KK,weak,6,1
Eaat1/ CG3747,male,KK,weak,29.6,2
Eaat1/ CG3747,male,KK,weak,13.8,3
Eaat1/ CG3747,male,KK,weak,6,4
Eaat1/ CG3747,male,KK,weak,4.2,5
Eaat1/ CG3747,male,KK,weak,18.4,6
Eaat1/ CG3747,male,KK,weak,35.8,7
Eaat1/ CG3747,male,KK,weak,46.3,8
Eaat1/ CG3747,male,KK,weak,61.4,9
Eaat1/ CG3747,male,KK,weak,72.6,10
Eaat1/ CG3747,male,KK,weak,4.3,11
Eaat1/ CG3747,male,KK,weak,10.8,12
Eaat1/ CG3747,male,KK,weak,139.4,13
Eaat1/ CG3747,male,KK,weak,16.9,14
Eaat1/ CG3747,male,KK,weak,31.3,15
Eaat1/ CG3747,male,KK,weak,0,16
Eaat1/ CG3747,male,KK,weak,0,17
Eaat1/ CG3747,male,KK,weak,0,18
Eaat1/ CG3747,male,KK,weak,0,19
Eaat1/ CG3747,male,KK,weak,0,20
Eaat1/ CG3747,female,KK,weak,17.2,1
Eaat1/ CG3747,female,KK,weak,55.5,2
Eaat1/ CG3747,female,KK,weak,1.2,3
Eaat1/ CG3747,female,KK,weak,53.3,4
Eaat1/ CG3747,female,KK,weak,11.6,5
Eaat1/ CG3747,female,KK,weak,25.8,6
Eaat1/ CG3747,female,KK,weak,25,7
Eaat1/ CG3747,female,KK,weak,29.5,8
Eaat1/ CG3747,female,KK,weak,53.2,9
Eaat1/ CG3747,female,KK,weak,58.6,10
Eaat1/ CG3747,female,KK,weak,21.4,11
Eaat1/ CG3747,female,KK,weak,71.8,12
Eaat1/ CG3747,female,KK,weak,16.1,13
Eaat1/ CG3747,female,KK,weak,81.7,14
Eaat1/ CG3747,female,KK,weak,48.9,15
Eaat1/ CG3747,female,KK,weak,0,16
Eaat1/ CG3747,female,KK,weak,0,17
Eaat1/ CG3747,female,KK,weak,0,18
Eaat1/ CG3747,female,KK,weak,0,19
Eaat1/ CG3747,female,KK,weak,0,20
Cht6,female,KK,weak,34.2,1
Cht6,female,KK,weak,28,2
Cht6,female,KK,weak,10.4,3
Cht6,female,KK,weak,36,4
Cht6,female,KK,weak,7.6,5
Cht6,female,KK,weak,18.7,6
Cht6,female,KK,weak,25.5,7
Cht6,female,KK,weak,53,8
Cht6,female,KK,weak,16.5,9
Cht6,female,KK,weak,51.4,10
Cht6,female,KK,weak,22.6,11
Cht6,female,KK,weak,27.4,12
Cht6,female,KK,weak,19.1,13
Cht6,female,KK,weak,8.7,14
Cht6,female,KK,weak,46.9,15
Cht6,female,KK,weak,6.2,16
Cht6,female,KK,weak,6.7,17
Cht6,female,KK,weak,65.6,18
Cht6,female,KK,weak,0,19
Cht6,female,KK,weak,0,20
Cht6,male,KK,weak,30.5,1
Cht6,male,KK,weak,76,2
Cht6,male,KK,weak,78.4,3
Cht6,male,KK,weak,76.4,4
Cht6,male,KK,weak,26.5,5
Cht6,male,KK,weak,13.7,6
Cht6,male,KK,weak,10.8,7
Cht6,male,KK,weak,31.7,8
Cht6,male,KK,weak,59.3,9
Cht6,male,KK,weak,13.7,10
Cht6,male,KK,weak,107.2,11
Cht6,male,KK,weak,94.7,12
Cht6,male,KK,weak,53.1,13
Cht6,male,KK,weak,30,14
Cht6,male,KK,weak,36.5,15
Cht6,male,KK,weak,44.6,16
Cht6,male,KK,weak,88.1,17
Cht6,male,KK,weak,0,18
Cht6,male,KK,weak,0,19
Cht6,male,KK,weak,0,20
GEFmeso,male,GD,weak,41.8,1
GEFmeso,male,GD,weak,36.5,2
GEFmeso,male,GD,weak,41.6,3
GEFmeso,male,GD,weak,35.7,4
GEFmeso,male,GD,weak,60.5,5
GEFmeso,male,GD,weak,59.8,6
GEFmeso,male,GD,weak,1.7,7
GEFmeso,male,GD,weak,15,8
GEFmeso,male,GD,weak,30.9,9
GEFmeso,male,GD,weak,19.2,10
GEFmeso,male,GD,weak,85.4,11
GEFmeso,male,GD,weak,14.9,12
GEFmeso,male,GD,weak,63.6,13
GEFmeso,male,GD,weak,89.2,14
GEFmeso,male,GD,weak,28.4,15
GEFmeso,male,GD,weak,25.7,16
GEFmeso,male,GD,weak,16.5,17
GEFmeso,male,GD,weak,15.8,18
GEFmeso,male,GD,weak,35.1,19
GEFmeso,male,GD,weak,0,20
CG31221,female,KK,weak,5.9,1
CG31221,female,KK,weak,26.4,2
CG31221,female,KK,weak,15.5,3
CG31221,female,KK,weak,43.5,4
CG31221,female,KK,weak,2.7,5
CG31221,female,KK,weak,61.4,6
CG31221,female,KK,weak,3.4,7
CG31221,female,KK,weak,57,8
CG31221,female,KK,weak,6.1,9
CG31221,female,KK,weak,40.5,10
CG31221,female,KK,weak,9.3,11
CG31221,female,KK,weak,4.6,12
CG31221,female,KK,weak,15.6,13
CG31221,female,KK,weak,6.6,14
CG31221,female,KK,weak,44.9,15
CG31221,female,KK,weak,13.8,16
CG31221,female,KK,weak,0,17
CG31221,female,KK,weak,0,18
CG31221,female,KK,weak,0,19
CG31221,female,KK,weak,0,20
CG31221,male,KK,weak,13.8,1
CG31221,male,KK,weak,44.9,2
CG31221,male,KK,weak,6.6,3
CG31221,male,KK,weak,15.6,4
CG31221,male,KK,weak,4.6,5
CG31221,male,KK,weak,9.3,6
CG31221,male,KK,weak,40.5,7
CG31221,male,KK,weak,6.1,8
CG31221,male,KK,weak,57,9
CG31221,male,KK,weak,3.4,10
CG31221,male,KK,weak,61.4,11
CG31221,male,KK,weak,2.7,12
CG31221,male,KK,weak,43.5,13
CG31221,male,KK,weak,15.5,14
CG31221,male,KK,weak,26.4,15
CG31221,male,KK,weak,5.9,16
CG31221,male,KK,weak,0,17
CG31221,male,KK,weak,0,18
CG31221,male,KK,weak,0,19
CG31221,male,KK,weak,0,20
CG6767,female,KK,weak,11.2,1
CG6767,female,KK,weak,50.8,2
CG6767,female,KK,weak,25.8,3
CG6767,female,KK,weak,67.2,4
CG6767,female,KK,weak,13.2,5
CG6767,female,KK,weak,17,6
CG6767,female,KK,weak,22,7
CG6767,female,KK,weak,24.8,8
CG6767,female,KK,weak,50.2,9
CG6767,female,KK,weak,1.5,10
CG6767,female,KK,weak,36.4,11
CG6767,female,KK,weak,21.7,12
CG6767,female,KK,weak,69.9,13
CG6767,female,KK,weak,92.3,14
CG6767,female,KK,weak,40.1,15
CG6767,female,KK,weak,48.7,16
CG6767,female,KK,weak,19.1,17
CG6767,female,KK,weak,74.7,18
CG6767,female,KK,weak,60.1,19
CG6767,female,KK,weak,0,20
CG6767,male,KK,weak,12.9,1
CG6767,male,KK,weak,72.8,2
CG6767,male,KK,weak,5.7,3
CG6767,male,KK,weak,20.7,4
CG6767,male,KK,weak,29.2,5
CG6767,male,KK,weak,41.3,6
CG6767,male,KK,weak,10.5,7
CG6767,male,KK,weak,46.3,8
CG6767,male,KK,weak,45.5,9
CG6767,male,KK,weak,23,10
CG6767,male,KK,weak,4.8,11
CG6767,male,KK,weak,54.4,12
CG6767,male,KK,weak,3.3,13
CG6767,male,KK,weak,23.8,14
CG6767,male,KK,weak,39.9,15
CG6767,male,KK,weak,49.8,16
CG6767,male,KK,weak,22.5,17
CG6767,male,KK,weak,29.8,18
CG6767,male,KK,weak,49,19
CG6767,male,KK,weak,0,20
for,female,KK,weak,52.6,1
for,female,KK,weak,23.4,2
for,female,KK,weak,45.1,3
for,female,KK,weak,35.6,4
for,female,KK,weak,62.6,5
for,female,KK,weak,21.7,6
for,female,KK,weak,27.4,7
for,female,KK,weak,31.7,8
for,female,KK,weak,39.7,9
for,female,KK,weak,8.9,10
for,female,KK,weak,39.3,11
for,female,KK,weak,42,12
for,female,KK,weak,54.5,13
for,female,KK,weak,18.6,14
for,female,KK,weak,30.7,15
for,female,KK,weak,20.6,16
for,female,KK,weak,21.5,17
for,female,KK,weak,42.5,18
for,female,KK,weak,45.6,19
for,female,KK,weak,0,20
Ptp99A,female,KK,weak,20.1,1
Ptp99A,female,KK,weak,3.5,2
Ptp99A,female,KK,weak,7.5,3
Ptp99A,female,KK,weak,136.2,4
Ptp99A,female,KK,weak,18.1,5
Ptp99A,female,KK,weak,12.9,6
Ptp99A,female,KK,weak,8.3,7
Ptp99A,female,KK,weak,41.8,8
Ptp99A,female,KK,weak,13.9,9
Ptp99A,female,KK,weak,22.9,10
Ptp99A,female,KK,weak,23.6,11
Ptp99A,female,KK,weak,3.9,12
Ptp99A,female,KK,weak,22.5,13
Ptp99A,female,KK,weak,0,14
Ptp99A,female,KK,weak,0,15
Ptp99A,female,KK,weak,0,16
Ptp99A,female,KK,weak,0,17
Ptp99A,female,KK,weak,0,18
Ptp99A,female,KK,weak,0,19
Ptp99A,female,KK,weak,0,20
Ptp99A,male,KK,weak,10.3,1
Ptp99A,male,KK,weak,32.6,2
Ptp99A,male,KK,weak,32.3,3
Ptp99A,male,KK,weak,17.1,4
Ptp99A,male,KK,weak,49.8,5
Ptp99A,male,KK,weak,88.4,6
Ptp99A,male,KK,weak,16.5,7
Ptp99A,male,KK,weak,23.2,8
Ptp99A,male,KK,weak,7.2,9
Ptp99A,male,KK,weak,39.3,10
Ptp99A,male,KK,weak,17.2,11
Ptp99A,male,KK,weak,10.1,12
Ptp99A,male,KK,weak,72.8,13
Ptp99A,male,KK,weak,23.3,14
Ptp99A,male,KK,weak,47.1,15
Ptp99A,male,KK,weak,48.7,16
Ptp99A,male,KK,weak,29.8,17
Ptp99A,male,KK,weak,82.3,18
Ptp99A,male,KK,weak,0,19
Ptp99A,male,KK,weak,0,20
CG17839,female,KK,weak,47.9,1
CG17839,female,KK,weak,47.7,2
CG17839,female,KK,weak,56.1,3
CG17839,female,KK,weak,17.6,4
CG17839,female,KK,weak,26.1,5
CG17839,female,KK,weak,10.5,6
CG17839,female,KK,weak,38.8,7
CG17839,female,KK,weak,9.5,8
CG17839,female,KK,weak,5.1,9
CG17839,female,KK,weak,11.4,10
CG17839,female,KK,weak,0,11
CG17839,female,KK,weak,0,12
CG17839,female,KK,weak,0,13
CG17839,female,KK,weak,0,14
CG17839,female,KK,weak,0,15
CG17839,female,KK,weak,0,16
CG17839,female,KK,weak,0,17
CG17839,female,KK,weak,0,18
CG17839,female,KK,weak,0,19
CG17839,female,KK,weak,0,20
CG17839,male,KK,weak,32.3,1
CG17839,male,KK,weak,10.6,2
CG17839,male,KK,weak,27.9,3
CG17839,male,KK,weak,53.7,4
CG17839,male,KK,weak,8.3,5
CG17839,male,KK,weak,39,6
CG17839,male,KK,weak,3.2,7
CG17839,male,KK,weak,71.5,8
CG17839,male,KK,weak,16.4,9
CG17839,male,KK,weak,0.6,10
CG17839,male,KK,weak,13.1,11
CG17839,male,KK,weak,23.8,12
CG17839,male,KK,weak,0,13
CG17839,male,KK,weak,0,14
CG17839,male,KK,weak,0,15
CG17839,male,KK,weak,0,16
CG17839,male,KK,weak,0,17
CG17839,male,KK,weak,0,18
CG17839,male,KK,weak,0,19
CG17839,male,KK,weak,0,20
pnt,female,KK,weak,23.4,1
pnt,female,KK,weak,11.3,2
pnt,female,KK,weak,25,3
pnt,female,KK,weak,30.1,4
pnt,female,KK,weak,29.4,5
pnt,female,KK,weak,94.3,6
pnt,female,KK,weak,20.4,7
pnt,female,KK,weak,60.4,8
pnt,female,KK,weak,44.2,9
pnt,female,KK,weak,15.9,10
pnt,female,KK,weak,38,11
pnt,female,KK,weak,44.4,12
pnt,female,KK,weak,6.5,13
pnt,female,KK,weak,64.9,14
pnt,female,KK,weak,0,15
pnt,female,KK,weak,0,16
pnt,female,KK,weak,0,17
pnt,female,KK,weak,0,18
pnt,female,KK,weak,0,19
pnt,female,KK,weak,0,20
pnt,male,KK,weak,106.2,1
pnt,male,KK,weak,33.1,2
pnt,male,KK,weak,26.3,3
pnt,male,KK,weak,36.6,4
pnt,male,KK,weak,46.1,5
pnt,male,KK,weak,42,6
pnt,male,KK,weak,42.8,7
pnt,male,KK,weak,75.4,8
pnt,male,KK,weak,41.2,9
pnt,male,KK,weak,42.9,10
pnt,male,KK,weak,32.4,11
pnt,male,KK,weak,43.8,12
pnt,male,KK,weak,53.4,13
pnt,male,KK,weak,70.1,14
pnt,male,KK,weak,28.6,15
pnt,male,KK,weak,27.9,16
pnt,male,KK,weak,32.8,17
pnt,male,KK,weak,55.4,18
pnt,male,KK,weak,67.1,19
pnt,male,KK,weak,11.7,20
Ptp10D,female,KK,weak,40.9,1
Ptp10D,female,KK,weak,36.3,2
Ptp10D,female,KK,weak,22.3,3
Ptp10D,female,KK,weak,18.7,4
Ptp10D,female,KK,weak,18.3,5
Ptp10D,female,KK,weak,19.1,6
Ptp10D,female,KK,weak,68.4,7
Ptp10D,female,KK,weak,35,8
Ptp10D,female,KK,weak,33.2,9
Ptp10D,female,KK,weak,24.2,10
Ptp10D,female,KK,weak,47.6,11
Ptp10D,female,KK,weak,5.5,12
Ptp10D,female,KK,weak,31.1,13
Ptp10D,female,KK,weak,40.4,14
Ptp10D,female,KK,weak,22.9,15
Ptp10D,female,KK,weak,44.8,16
Ptp10D,female,KK,weak,14.6,17
Ptp10D,female,KK,weak,33.1,18
Ptp10D,female,KK,weak,0,19
Ptp10D,female,KK,weak,0,20
Ptp10D,male,KK,weak,61.6,1
Ptp10D,male,KK,weak,45.2,2
Ptp10D,male,KK,weak,21.9,3
Ptp10D,male,KK,weak,13.2,4
Ptp10D,male,KK,weak,18.9,5
Ptp10D,male,KK,weak,54.7,6
Ptp10D,male,KK,weak,109.1,7
Ptp10D,male,KK,weak,49.4,8
Ptp10D,male,KK,weak,15.9,9
Ptp10D,male,KK,weak,43.9,10
Ptp10D,male,KK,weak,55.9,11
Ptp10D,male,KK,weak,49.9,12
Ptp10D,male,KK,weak,57,13
Ptp10D,male,KK,weak,42.8,14
Ptp10D,male,KK,weak,10,15
Ptp10D,male,KK,weak,27.5,16
Ptp10D,male,KK,weak,41.2,17
Ptp10D,male,KK,weak,21.2,18
Ptp10D,male,KK,weak,25.2,19
mtt,female,KK,weak,0,20
mtt,female,KK,weak,33.2,1
mtt,female,KK,weak,63,2
mtt,female,KK,weak,44.1,3
mtt,female,KK,weak,44.6,4
mtt,female,KK,weak,52,5
mtt,female,KK,weak,82.3,6
mtt,female,KK,weak,16.5,7
mtt,female,KK,weak,86.9,8
mtt,female,KK,weak,60.2,9
mtt,female,KK,weak,13.9,10
mtt,female,KK,weak,90.3,11
mtt,female,KK,weak,111.8,12
mtt,female,KK,weak,60.5,13
mtt,female,KK,weak,83.6,14
mtt,female,KK,weak,113.8,15
mtt,female,KK,weak,60.8,16
mtt,female,KK,weak,58.7,17
mtt,female,KK,weak,44.5,18
mtt,female,KK,weak,42.3,19
mtt,female,KK,weak,0,20
mtt,male,KK,weak,8.2,1
mtt,male,KK,weak,38.5,2
mtt,male,KK,weak,48.2,3
mtt,male,KK,weak,51.1,4
mtt,male,KK,weak,104.3,5
mtt,male,KK,weak,68.1,6
mtt,male,KK,weak,75.7,7
mtt,male,KK,weak,62.8,8
mtt,male,KK,weak,86.9,9
mtt,male,KK,weak,4.8,10
mtt,male,KK,weak,39.7,11
mtt,male,KK,weak,67.5,12
mtt,male,KK,weak,49.1,13
mtt,male,KK,weak,30.4,14
mtt,male,KK,weak,25.8,15
mtt,male,KK,weak,35.1,16
mtt,male,KK,weak,97.1,17
mtt,male,KK,weak,44.2,18
mtt,male,KK,weak,41,19
mtt,male,KK,weak,41.1,20
CG34401,female,KK,weak,33.8,1
CG34401,female,KK,weak,46.6,2
CG34401,female,KK,weak,36.7,3
CG34401,female,KK,weak,22.9,4
CG34401,female,KK,weak,21,5
CG34401,female,KK,weak,24.3,6
CG34401,female,KK,weak,16,7
CG34401,female,KK,weak,93.4,8
CG34401,female,KK,weak,46.1,9
CG34401,female,KK,weak,82.2,10
CG34401,female,KK,weak,21.6,11
CG34401,female,KK,weak,39.7,12
CG34401,female,KK,weak,45.1,13
CG34401,female,KK,weak,43.6,14
CG34401,female,KK,weak,14.5,15
CG34401,female,KK,weak,54.7,16
CG34401,female,KK,weak,34.4,17
CG34401,female,KK,weak,62.2,18
CG34401,female,KK,weak,60.2,19
CG34401,female,KK,weak,0,20
kirre,male,KK,weak,57.9,1
kirre,male,KK,weak,76.4,2
kirre,male,KK,weak,61.4,3
kirre,male,KK,weak,86.2,4
kirre,male,KK,weak,20.3,5
kirre,male,KK,weak,15,6
kirre,male,KK,weak,17.3,7
kirre,male,KK,weak,2.8,8
kirre,male,KK,weak,4.2,9
kirre,male,KK,weak,12.9,10
kirre,male,KK,weak,22.6,11
kirre,male,KK,weak,21.7,12
kirre,male,KK,weak,69.4,13
kirre,male,KK,weak,19.3,14
kirre,male,KK,weak,33.8,15
kirre,male,KK,weak,8.9,16
kirre,male,KK,weak,18.1,17
kirre,male,KK,weak,25.5,18
kirre,male,KK,weak,56.7,19
kirre,male,KK,weak,0,20
Gdh,male,KK,weak,47.7,1
Gdh,male,KK,weak,4.5,2
Gdh,male,KK,weak,37.7,3
Gdh,male,KK,weak,9.8,4
Gdh,male,KK,weak,47,5
Gdh,male,KK,weak,1.3,6
Gdh,male,KK,weak,43.4,7
Gdh,male,KK,weak,12,8
Gdh,male,KK,weak,23.1,9
Gdh,male,KK,weak,55.4,10
Gdh,male,KK,weak,12.7,11
Gdh,male,KK,weak,39.9,12
Gdh,male,KK,weak,14.2,13
Gdh,male,KK,weak,11.1,14
Gdh,male,KK,weak,0,15
Gdh,male,KK,weak,0,16
Gdh,male,KK,weak,0,17
Gdh,male,KK,weak,0,18
Gdh,male,KK,weak,0,19
Gdh,male,KK,weak,0,20
Nrg,female,KK,weak,39.9,1
Nrg,female,KK,weak,69.2,2
Nrg,female,KK,weak,82.3,3
Nrg,female,KK,weak,20.9,4
Nrg,female,KK,weak,38.7,5
Nrg,female,KK,weak,57.7,6
Nrg,female,KK,weak,29,7
Nrg,female,KK,weak,60.6,8
Nrg,female,KK,weak,89.6,9
Nrg,female,KK,weak,45.6,10
Nrg,female,KK,weak,75.3,11
Nrg,female,KK,weak,97.1,12
Nrg,female,KK,weak,110.6,13
Nrg,female,KK,weak,65.6,14
Nrg,female,KK,weak,63,15
Nrg,female,KK,weak,47.8,16
Nrg,female,KK,weak,85.4,17
Nrg,female,KK,weak,4,18
Nrg,female,KK,weak,43.6,19
Nrg,female,KK,weak,0,20
Nrg,male,KK,weak,28.4,1
Nrg,male,KK,weak,47.5,2
Nrg,male,KK,weak,3.8,3
Nrg,male,KK,weak,26.9,4
Nrg,male,KK,weak,14.9,5
Nrg,male,KK,weak,8.6,6
Nrg,male,KK,weak,1.4,7
Nrg,male,KK,weak,8.1,8
Nrg,male,KK,weak,29.1,9
Nrg,male,KK,weak,65.2,10
Nrg,male,KK,weak,78.3,11
Nrg,male,KK,weak,19.9,12
Nrg,male,KK,weak,31,13
Nrg,male,KK,weak,93.5,14
Nrg,male,KK,weak,85.4,15
Nrg,male,KK,weak,0,16
Nrg,male,KK,weak,0,17
Nrg,male,KK,weak,0,18
Nrg,male,KK,weak,0,19
Nrg,male,KK,weak,0,20
CG33926,female,KK,weak,69.5,1
CG33926,female,KK,weak,35.1,2
CG33926,female,KK,weak,33,3
CG33926,female,KK,weak,8.9,4
CG33926,female,KK,weak,101.1,5
CG33926,female,KK,weak,15.7,6
CG33926,female,KK,weak,21.1,7
CG33926,female,KK,weak,50.5,8
CG33926,female,KK,weak,6.4,9
CG33926,female,KK,weak,24.4,10
CG33926,female,KK,weak,35.7,11
CG33926,female,KK,weak,11.1,12
CG33926,female,KK,weak,47.6,13
CG33926,female,KK,weak,15.9,14
CG33926,female,KK,weak,5.7,15
CG33926,female,KK,weak,18.3,16
CG33926,female,KK,weak,54.3,17
CG33926,female,KK,weak,0,18
CG33926,female,KK,weak,0,19
CG33926,female,KK,weak,0,20
CG33926,male,KK,weak,32,1
CG33926,male,KK,weak,85.8,2
CG33926,male,KK,weak,17.7,3
CG33926,male,KK,weak,41.8,4
CG33926,male,KK,weak,2.9,5
CG33926,male,KK,weak,57.6,6
CG33926,male,KK,weak,12.8,7
CG33926,male,KK,weak,5.9,8
CG33926,male,KK,weak,51.7,9
CG33926,male,KK,weak,42.5,10
CG33926,male,KK,weak,10.2,11
CG33926,male,KK,weak,34.4,12
CG33926,male,KK,weak,22.1,13
CG33926,male,KK,weak,23.7,14
CG33926,male,KK,weak,20.2,15
CG33926,male,KK,weak,0,16
CG33926,male,KK,weak,0,17
CG33926,male,KK,weak,0,18
CG33926,male,KK,weak,0,19
CG33926,male,KK,weak,0,20
scat,female,KK,weak,26,1
scat,female,KK,weak,22.3,2
scat,female,KK,weak,19.4,3
scat,female,KK,weak,3.5,4
scat,female,KK,weak,68.5,5
scat,female,KK,weak,23.8,6
scat,female,KK,weak,4,7
scat,female,KK,weak,38.6,8
scat,female,KK,weak,20.5,9
scat,female,KK,weak,13.4,10
scat,female,KK,weak,0,11
scat,female,KK,weak,0,12
scat,female,KK,weak,0,13
scat,female,KK,weak,0,14
scat,female,KK,weak,0,15
scat,female,KK,weak,0,16
scat,female,KK,weak,0,17
scat,female,KK,weak,0,18
scat,female,KK,weak,0,19
scat,female,KK,weak,0,20
scat,male,KK,weak,62.4,1
scat,male,KK,weak,78.3,2
scat,male,KK,weak,42.1,3
scat,male,KK,weak,2,4
scat,male,KK,weak,17.3,5
scat,male,KK,weak,37.4,6
scat,male,KK,weak,2.2,7
scat,male,KK,weak,44.2,8
scat,male,KK,weak,59,9
scat,male,KK,weak,0,10
scat,male,KK,weak,0,11
scat,male,KK,weak,0,12
scat,male,KK,weak,0,13
scat,male,KK,weak,0,14
scat,male,KK,weak,0,15
scat,male,KK,weak,0,16
scat,male,KK,weak,0,17
scat,male,KK,weak,0,18
scat,male,KK,weak,0,19
scat,male,KK,weak,0,20
Control,female,GD,strong,34.2,1
Control,female,GD,strong,5.8,2
Control,female,GD,strong,16.8,3
Control,female,GD,strong,4.7,4
Control,female,GD,strong,32.6,5
Control,female,GD,strong,50.6,6
Control,female,GD,strong,28.7,7
Control,female,GD,strong,42.9,8
Control,female,GD,strong,18.9,9
Control,female,GD,strong,32.1,10
Control,female,GD,strong,50.7,11
Control,female,GD,strong,81.3,12
Control,female,GD,strong,14.5,13
Control,female,GD,strong,14.3,14
Control,female,GD,strong,32.1,15
Control,female,GD,strong,38.9,16
Control,female,GD,strong,0,17
Control,female,GD,strong,0,18
Control,female,GD,strong,0,19
Control,female,GD,strong,0,20
Control,male,GD,strong,45.4,21
Control,male,GD,strong,60.8,22
Control,male,GD,strong,24.2,23
Control,male,GD,strong,53.8,24
Control,male,GD,strong,13.7,25
Control,male,GD,strong,32.1,26
Control,male,GD,strong,35.9,27
Control,male,GD,strong,9,28
Control,male,GD,strong,54,29
Control,male,GD,strong,29.9,30
Control,male,GD,strong,11.5,31
Control,male,GD,strong,44.5,32
Control,male,GD,strong,48.5,33
Control,male,GD,strong,9.3,34
Control,male,GD,strong,29.2,35
Control,male,GD,strong,2.9,36
Control,male,GD,strong,11.5,37
Control,male,GD,strong,20.8,38
Control,male,GD,strong,50,39
Control,male,GD,strong,0,40
GEFmeso,male,GD,strong,79.9,1
GEFmeso,male,GD,strong,63.1,2
GEFmeso,male,GD,strong,62.2,3
GEFmeso,male,GD,strong,57.4,4
GEFmeso,male,GD,strong,54.3,5
GEFmeso,male,GD,strong,81.3,6
GEFmeso,male,GD,strong,25.8,7
GEFmeso,male,GD,strong,25.4,8
GEFmeso,male,GD,strong,103.5,9
GEFmeso,male,GD,strong,56.4,10
GEFmeso,male,GD,strong,108.8,11
GEFmeso,male,GD,strong,107.2,12
GEFmeso,male,GD,strong,50.5,13
GEFmeso,male,GD,strong,56.2,14
GEFmeso,male,GD,strong,52.6,15
GEFmeso,male,GD,strong,8.3,16
GEFmeso,male,GD,strong,5.7,17
GEFmeso,male,GD,strong,67,18
GEFmeso,male,GD,strong,32.6,19
GEFmeso,male,GD,strong,0,20
GEFmeso,female,GD,strong,87.8,1
GEFmeso,female,GD,strong,86.8,2
GEFmeso,female,GD,strong,68.2,3
GEFmeso,female,GD,strong,67.8,4
GEFmeso,female,GD,strong,11.8,5
GEFmeso,female,GD,strong,26.3,6
GEFmeso,female,GD,strong,16.2,7
GEFmeso,female,GD,strong,78.7,8
GEFmeso,female,GD,strong,41.4,9
GEFmeso,female,GD,strong,97.4,10
GEFmeso,female,GD,strong,58.4,11
GEFmeso,female,GD,strong,26.8,12
GEFmeso,female,GD,strong,51.8,13
GEFmeso,female,GD,strong,86.8,14
GEFmeso,female,GD,strong,29.1,15
GEFmeso,female,GD,strong,92.1,16
GEFmeso,female,GD,strong,0,17
GEFmeso,female,GD,strong,0,18
GEFmeso,female,GD,strong,0,19
GEFmeso,female,GD,strong,0,20
Control,female,KK,strong,17.8,1
Control,female,KK,strong,35.2,2
Control,female,KK,strong,43.6,3
Control,female,KK,strong,22.2,4
Control,female,KK,strong,1,5
Control,female,KK,strong,14.6,6
Control,female,KK,strong,50.4,7
Control,female,KK,strong,15.8,8
Control,female,KK,strong,74.9,9
Control,female,KK,strong,48.3,10
Control,female,KK,strong,53.4,11
Control,female,KK,strong,79.6,12
Control,female,KK,strong,60.2,13
Control,female,KK,strong,57.6,14
Control,female,KK,strong,55.2,15
Control,female,KK,strong,32,16
Control,female,KK,strong,0,17
Control,female,KK,strong,0,18
Control,female,KK,strong,0,19
Control,female,KK,strong,0,20
Control,male,KK,strong,43.8,1
Control,male,KK,strong,32.1,2
Control,male,KK,strong,11.3,3
Control,male,KK,strong,24.2,4
Control,male,KK,strong,35.7,5
Control,male,KK,strong,57.6,6
Control,male,KK,strong,31.8,7
Control,male,KK,strong,45.3,8
Control,male,KK,strong,67.4,9
Control,male,KK,strong,48.4,10
Control,male,KK,strong,37.1,11
Control,male,KK,strong,68.7,12
Control,male,KK,strong,74.8,13
Control,male,KK,strong,57.6,14
Control,male,KK,strong,62.8,15
Control,male,KK,strong,61.8,16
Control,male,KK,strong,73,17
Control,male,KK,strong,0,18
Control,male,KK,strong,0,19
Control,male,KK,strong,0,20
PGRP-LA,female,KK,strong,28.9,1
PGRP-LA,female,KK,strong,66.5,2
PGRP-LA,female,KK,strong,50.4,3
PGRP-LA,female,KK,strong,84,4
PGRP-LA,female,KK,strong,58.7,5
PGRP-LA,female,KK,strong,87.6,6
PGRP-LA,female,KK,strong,94.9,7
PGRP-LA,female,KK,strong,46.7,8
PGRP-LA,female,KK,strong,128.6,9
PGRP-LA,female,KK,strong,76.2,10
PGRP-LA,female,KK,strong,54,11
PGRP-LA,female,KK,strong,68.1,12
PGRP-LA,female,KK,strong,67.5,13
PGRP-LA,female,KK,strong,59.6,14
PGRP-LA,female,KK,strong,48.5,15
PGRP-LA,female,KK,strong,56.8,16
PGRP-LA,female,KK,strong,81.4,17
PGRP-LA,female,KK,strong,57.4,18
PGRP-LA,female,KK,strong,83.7,19
PGRP-LA,female,KK,strong,69.1,20
PGRP-LA,male,KK,strong,46.5,1
PGRP-LA,male,KK,strong,28.2,2
PGRP-LA,male,KK,strong,51.6,3
PGRP-LA,male,KK,strong,61.6,4
PGRP-LA,male,KK,strong,75,5
PGRP-LA,male,KK,strong,80.8,6
PGRP-LA,male,KK,strong,86,7
PGRP-LA,male,KK,strong,51.4,8
PGRP-LA,male,KK,strong,56.3,9
PGRP-LA,male,KK,strong,117.2,10
PGRP-LA,male,KK,strong,46.9,11
PGRP-LA,male,KK,strong,18.9,12
PGRP-LA,male,KK,strong,18.3,13
PGRP-LA,male,KK,strong,70.9,14
PGRP-LA,male,KK,strong,71.7,15
PGRP-LA,male,KK,strong,72.3,16
PGRP-LA,male,KK,strong,72.7,17
PGRP-LA,male,KK,strong,60.9,18
PGRP-LA,male,KK,strong,88.3,19
PGRP-LA,male,KK,strong,54.2,20
Smg5,male,KK,strong,11.9,1
Smg5,male,KK,strong,15.2,2
Smg5,male,KK,strong,43.4,3
Smg5,male,KK,strong,50.9,4
Smg5,male,KK,strong,52.1,5
Smg5,male,KK,strong,58.8,6
Smg5,male,KK,strong,1.4,7
Smg5,male,KK,strong,56.2,8
Smg5,male,KK,strong,11.5,9
Smg5,male,KK,strong,155,10
Smg5,male,KK,strong,67.5,11
Smg5,male,KK,strong,61,12
Smg5,male,KK,strong,53.5,13
Smg5,male,KK,strong,55.3,14
Smg5,male,KK,strong,59,15
Smg5,male,KK,strong,49.9,16
Smg5,male,KK,strong,22.8,17
Smg5,male,KK,strong,25.9,18
Smg5,male,KK,strong,35.4,19
Smg5,male,KK,strong,45.9,20
Smg5,male,KK,strong,58.9,21
Smg5,female,KK,strong,98,1
Smg5,female,KK,strong,49.6,2
Smg5,female,KK,strong,49.6,3
Smg5,female,KK,strong,71.8,4
Smg5,female,KK,strong,7.8,5
Smg5,female,KK,strong,62.6,6
Smg5,female,KK,strong,32.8,7
Smg5,female,KK,strong,37.8,8
Smg5,female,KK,strong,19.5,9
Smg5,female,KK,strong,47.4,10
Smg5,female,KK,strong,42.4,11
Smg5,female,KK,strong,29.5,12
Smg5,female,KK,strong,52.9,13
Smg5,female,KK,strong,116,14
Smg5,female,KK,strong,33.5,15
Smg5,female,KK,strong,51.4,16
Smg5,female,KK,strong,19,17
Smg5,female,KK,strong,30.9,18
Smg5,female,KK,strong,21.1,19
Smg5,female,KK,strong,68.7,20
Lrch,male,KK,strong,104.3,1
Lrch,male,KK,strong,25,2
Lrch,male,KK,strong,57.7,3
Lrch,male,KK,strong,57.4,4
Lrch,male,KK,strong,56.1,5
Lrch,male,KK,strong,28.7,6
Lrch,male,KK,strong,28.2,7
Lrch,male,KK,strong,22.2,8
Lrch,male,KK,strong,35.5,9
Lrch,male,KK,strong,77.1,10
Lrch,male,KK,strong,20.6,11
Lrch,male,KK,strong,53.6,12
Lrch,male,KK,strong,59.6,13
Lrch,male,KK,strong,73,14
Lrch,male,KK,strong,87.1,15
Lrch,male,KK,strong,29.2,16
Lrch,male,KK,strong,47.9,17
Lrch,male,KK,strong,37.8,18
Lrch,male,KK,strong,73.1,19
Lrch,male,KK,strong,0,20
SdhA,male,KK,strong,86.9,1
SdhA,male,KK,strong,5.8,2
SdhA,male,KK,strong,36.1,3
SdhA,male,KK,strong,57.3,4
SdhA,male,KK,strong,13.6,5
SdhA,male,KK,strong,82.1,6
SdhA,male,KK,strong,25.3,7
SdhA,male,KK,strong,55.1,8
SdhA,male,KK,strong,33.3,9
SdhA,male,KK,strong,49.9,10
SdhA,male,KK,strong,44.7,11
SdhA,male,KK,strong,88,12
SdhA,male,KK,strong,46.8,13
SdhA,male,KK,strong,38.9,14
SdhA,male,KK,strong,22.3,15
SdhA,male,KK,strong,5.9,16
SdhA,male,KK,strong,20.7,17
SdhA,male,KK,strong,87.8,18
SdhA,male,KK,strong,48.8,19
SdhA,male,KK,strong,0,20
SdhA,female,KK,strong,22.3,1
SdhA,female,KK,strong,22.6,2
SdhA,female,KK,strong,71.3,3
SdhA,female,KK,strong,32.1,4
SdhA,female,KK,strong,57.6,5
SdhA,female,KK,strong,66.9,6
SdhA,female,KK,strong,7.8,7
SdhA,female,KK,strong,62.6,8
SdhA,female,KK,strong,32.8,9
SdhA,female,KK,strong,37.8,10
SdhA,female,KK,strong,19.5,11
SdhA,female,KK,strong,47.4,12
SdhA,female,KK,strong,42.4,13
SdhA,female,KK,strong,29.5,14
SdhA,female,KK,strong,52.9,15
SdhA,female,KK,strong,116,16
SdhA,female,KK,strong,33.5,17
SdhA,female,KK,strong,0,18
SdhA,female,KK,strong,0,19
SdhA,female,KK,strong,0,20
Eaat1/ CG3747,female,KK,strong,86.8,1
Eaat1/ CG3747,female,KK,strong,73.1,2
Eaat1/ CG3747,female,KK,strong,55.3,3
Eaat1/ CG3747,female,KK,strong,71.1,4
Eaat1/ CG3747,female,KK,strong,8.2,5
Eaat1/ CG3747,female,KK,strong,50.2,6
Eaat1/ CG3747,female,KK,strong,12.7,7
Eaat1/ CG3747,female,KK,strong,4.9,8
Eaat1/ CG3747,female,KK,strong,40.1,9
Eaat1/ CG3747,female,KK,strong,37.2,10
Eaat1/ CG3747,female,KK,strong,73.7,11
Eaat1/ CG3747,female,KK,strong,36,12
Eaat1/ CG3747,female,KK,strong,70.5,13
Eaat1/ CG3747,female,KK,strong,49.7,14
Eaat1/ CG3747,female,KK,strong,16.8,15
Eaat1/ CG3747,female,KK,strong,59.7,16
Eaat1/ CG3747,female,KK,strong,24.6,17
Eaat1/ CG3747,female,KK,strong,49.1,18
Eaat1/ CG3747,female,KK,strong,51.2,19
Eaat1/ CG3747,female,KK,strong,18.1,20
Eaat1/ CG3747,male,KK,strong,41.3,1
Eaat1/ CG3747,male,KK,strong,40.3,2
Eaat1/ CG3747,male,KK,strong,62.3,3
Eaat1/ CG3747,male,KK,strong,42.3,4
Eaat1/ CG3747,male,KK,strong,64.2,5
Eaat1/ CG3747,male,KK,strong,80.1,6
Eaat1/ CG3747,male,KK,strong,28.3,7
Eaat1/ CG3747,male,KK,strong,45.4,8
Eaat1/ CG3747,male,KK,strong,78.6,9
Eaat1/ CG3747,male,KK,strong,18,10
Eaat1/ CG3747,male,KK,strong,37.8,11
Eaat1/ CG3747,male,KK,strong,83.3,12
Eaat1/ CG3747,male,KK,strong,53.2,13
Eaat1/ CG3747,male,KK,strong,71.9,14
Eaat1/ CG3747,male,KK,strong,82.7,15
Eaat1/ CG3747,male,KK,strong,9.7,16
Eaat1/ CG3747,male,KK,strong,70.7,17
Eaat1/ CG3747,male,KK,strong,5,18
Eaat1/ CG3747,male,KK,strong,25.4,19
Eaat1/ CG3747,male,KK,strong,0.4,20
Cht6,female,KK,strong,40.6,1
Cht6,female,KK,strong,55.8,2
Cht6,female,KK,strong,3.1,3
Cht6,female,KK,strong,7.9,4
Cht6,female,KK,strong,14,5
Cht6,female,KK,strong,15.2,6
Cht6,female,KK,strong,5.4,7
Cht6,female,KK,strong,63.5,8
Cht6,female,KK,strong,42.9,9
Cht6,female,KK,strong,30.4,10
Cht6,female,KK,strong,38,11
Cht6,female,KK,strong,81.8,12
Cht6,female,KK,strong,46.4,13
Cht6,female,KK,strong,23.5,14
Cht6,female,KK,strong,26.1,15
Cht6,female,KK,strong,18.8,16
Cht6,female,KK,strong,61.1,17
Cht6,female,KK,strong,0,18
Cht6,female,KK,strong,0,19
Cht6,female,KK,strong,0,20
Cht6,male,KK,strong,33.4,1
Cht6,male,KK,strong,24.5,2
Cht6,male,KK,strong,29.2,3
Cht6,male,KK,strong,43.9,4
Cht6,male,KK,strong,26,5
Cht6,male,KK,strong,24.2,6
Cht6,male,KK,strong,24.1,7
Cht6,male,KK,strong,46.6,8
Cht6,male,KK,strong,8,9
Cht6,male,KK,strong,40.9,10
Cht6,male,KK,strong,70,11
Cht6,male,KK,strong,81.8,12
Cht6,male,KK,strong,46.4,13
Cht6,male,KK,strong,23.5,14
Cht6,male,KK,strong,26.1,15
Cht6,male,KK,strong,18.8,16
Cht6,male,KK,strong,61.1,17
Cht6,male,KK,strong,0,18
Cht6,male,KK,strong,0,19
Cht6,male,KK,strong,0,20
CG6767,female,KK,strong,28.6,1
CG6767,female,KK,strong,56.5,2
CG6767,female,KK,strong,6.9,3
CG6767,female,KK,strong,77.7,4
CG6767,female,KK,strong,32.1,5
CG6767,female,KK,strong,37.2,6
CG6767,female,KK,strong,67.5,7
CG6767,female,KK,strong,17.4,8
CG6767,female,KK,strong,0,9
CG6767,female,KK,strong,0,10
CG6767,female,KK,strong,0,11
CG6767,female,KK,strong,0,12
CG6767,female,KK,strong,0,13
CG6767,female,KK,strong,0,14
CG6767,female,KK,strong,0,15
CG6767,male,KK,strong,74,1
CG6767,male,KK,strong,11.3,2
CG6767,male,KK,strong,66.5,3
CG6767,male,KK,strong,9.2,4
CG6767,male,KK,strong,48.6,5
CG6767,male,KK,strong,45.3,6
CG6767,male,KK,strong,114.5,7
CG6767,male,KK,strong,24.8,8
CG6767,male,KK,strong,77.3,9
CG6767,male,KK,strong,54,10
CG6767,male,KK,strong,22.7,11
CG6767,male,KK,strong,20.9,12
CG6767,male,KK,strong,16.1,13
CG6767,male,KK,strong,10.7,14
CG6767,male,KK,strong,11.4,15
CG6767,male,KK,strong,0,16
CG6767,male,KK,strong,0,17
CG6767,male,KK,strong,0,18
CG6767,male,KK,strong,0,19
for,female,KK,strong,63.8,1
for,female,KK,strong,74.3,2
for,female,KK,strong,63.4,3
for,female,KK,strong,68.1,4
for,female,KK,strong,69.3,5
for,female,KK,strong,58.5,6
for,female,KK,strong,4.5,7
for,female,KK,strong,23.6,8
for,female,KK,strong,6,9
for,female,KK,strong,82.4,10
for,female,KK,strong,12.3,11
for,female,KK,strong,93.9,12
for,female,KK,strong,39.5,13
for,female,KK,strong,68,14
for,female,KK,strong,0,15
for,female,KK,strong,0,16
for,female,KK,strong,0,17
for,female,KK,strong,0,18
for,female,KK,strong,0,19
for,female,KK,strong,0,20
Ptp99A,female,KK,strong,52,1
Ptp99A,female,KK,strong,37.3,2
Ptp99A,female,KK,strong,44.7,3
Ptp99A,female,KK,strong,23.7,4
Ptp99A,female,KK,strong,57,5
Ptp99A,female,KK,strong,7.8,6
Ptp99A,female,KK,strong,48.9,7
Ptp99A,female,KK,strong,120.9,8
Ptp99A,female,KK,strong,74.1,9
Ptp99A,female,KK,strong,34.6,10
Ptp99A,female,KK,strong,82.8,11
Ptp99A,female,KK,strong,53,12
Ptp99A,female,KK,strong,36.5,13
Ptp99A,female,KK,strong,114.7,14
Ptp99A,female,KK,strong,92.1,15
Ptp99A,female,KK,strong,5.9,16
Ptp99A,female,KK,strong,122,17
Ptp99A,female,KK,strong,0,18
Ptp99A,female,KK,strong,0,19
Ptp99A,female,KK,strong,0,20
Ptp99A,female,KK,strong,0,21
Ptp99A,female,KK,strong,0,22
Ptp99A,male,KK,strong,69.1,1
Ptp99A,male,KK,strong,30.3,2
Ptp99A,male,KK,strong,48.5,3
Ptp99A,male,KK,strong,59.2,4
Ptp99A,male,KK,strong,59.4,5
Ptp99A,male,KK,strong,106.1,6
Ptp99A,male,KK,strong,55.7,7
Ptp99A,male,KK,strong,6.2,8
Ptp99A,male,KK,strong,5.1,9
Ptp99A,male,KK,strong,54,10
Ptp99A,male,KK,strong,29.3,11
Ptp99A,male,KK,strong,79.1,12
Ptp99A,male,KK,strong,25.2,13
Ptp99A,male,KK,strong,37.6,14
Ptp99A,male,KK,strong,73.6,15
Ptp99A,male,KK,strong,22.3,16
Ptp99A,male,KK,strong,4.6,17
Ptp99A,male,KK,strong,38.8,18
Ptp99A,male,KK,strong,80.1,19
Ptp99A,male,KK,strong,77.6,20
CG17839,female,KK,strong,4.2,1
CG17839,female,KK,strong,67,2
CG17839,female,KK,strong,77.8,3
CG17839,female,KK,strong,3.2,4
CG17839,female,KK,strong,84.8,5
CG17839,female,KK,strong,65.1,6
CG17839,female,KK,strong,78.6,7
CG17839,female,KK,strong,31.9,8
CG17839,female,KK,strong,4.7,9
CG17839,female,KK,strong,126.6,10
CG17839,female,KK,strong,49.6,11
CG17839,female,KK,strong,47,12
CG17839,female,KK,strong,77.9,13
CG17839,female,KK,strong,44.9,14
CG17839,female,KK,strong,137.6,15
CG17839,female,KK,strong,33.9,16
CG17839,female,KK,strong,0,17
CG17839,female,KK,strong,0,18
CG17839,female,KK,strong,0,19
CG17839,female,KK,strong,0,20
CG17839,male,KK,strong,32.6,1
CG17839,male,KK,strong,48.9,2
CG17839,male,KK,strong,63.6,3
CG17839,male,KK,strong,27.5,4
CG17839,male,KK,strong,17,5
CG17839,male,KK,strong,39.1,6
CG17839,male,KK,strong,2.4,7
CG17839,male,KK,strong,50.7,8
CG17839,male,KK,strong,43.8,9
CG17839,male,KK,strong,26.6,10
CG17839,male,KK,strong,15.8,11
CG17839,male,KK,strong,11.2,12
CG17839,male,KK,strong,30.2,13
CG17839,male,KK,strong,77.4,14
CG17839,male,KK,strong,7,15
CG17839,male,KK,strong,30.5,16
CG17839,male,KK,strong,0,17
CG17839,male,KK,strong,0,18
CG17839,male,KK,strong,0,19
CG17839,male,KK,strong,0,20
kirre,male,KK,strong,41.8,1
kirre,male,KK,strong,96.8,2
kirre,male,KK,strong,80.5,3
kirre,male,KK,strong,40.6,4
kirre,male,KK,strong,48.3,5
kirre,male,KK,strong,76.8,6
kirre,male,KK,strong,81.4,7
kirre,male,KK,strong,45,8
kirre,male,KK,strong,98.5,9
kirre,male,KK,strong,31.3,10
kirre,male,KK,strong,96.7,11
kirre,male,KK,strong,47,12
kirre,male,KK,strong,41.6,13
kirre,male,KK,strong,58.7,14
kirre,male,KK,strong,105.6,15
kirre,male,KK,strong,56.8,16
kirre,male,KK,strong,80.9,17
kirre,male,KK,strong,57.8,18
kirre,male,KK,strong,54.9,19
kirre,male,KK,strong,72.7,20
Gdh,female,KK,strong,16.9,1
Gdh,female,KK,strong,35.7,2
Gdh,female,KK,strong,18.9,3
Gdh,female,KK,strong,9.9,4
Gdh,female,KK,strong,0,5
Gdh,female,KK,strong,0,6
Gdh,female,KK,strong,0,7
Gdh,female,KK,strong,0,8
Gdh,female,KK,strong,0,9
Gdh,female,KK,strong,0,10
Gdh,female,KK,strong,0,11
Gdh,female,KK,strong,0,12
Gdh,female,KK,strong,0,13
Gdh,female,KK,strong,0,14
Gdh,female,KK,strong,0,15
Gdh,female,KK,strong,0,16
Gdh,female,KK,strong,0,17
Gdh,male,KK,strong,11.8,1
Gdh,male,KK,strong,52.5,2
Gdh,male,KK,strong,23.1,3
Gdh,male,KK,strong,6.3,4
Gdh,male,KK,strong,0,5
Gdh,male,KK,strong,0,6
Gdh,male,KK,strong,0,7
Gdh,male,KK,strong,0,8
Gdh,male,KK,strong,0,9
Gdh,male,KK,strong,0,10
Gdh,male,KK,strong,0,11
Gdh,male,KK,strong,0,12
scat,male,KK,strong,18.3,1
scat,male,KK,strong,30.8,2
scat,male,KK,strong,42.7,3
scat,male,KK,strong,45.5,4
scat,male,KK,strong,8,5
scat,male,KK,strong,85.8,6
scat,male,KK,strong,66.2,7
scat,male,KK,strong,56.3,8
scat,male,KK,strong,23.9,9
scat,male,KK,strong,52,10
scat,male,KK,strong,33.2,11
scat,male,KK,strong,11,12
scat,male,KK,strong,22.7,13
scat,male,KK,strong,29.3,14
scat,male,KK,strong,0,15
scat,male,KK,strong,0,16
scat,male,KK,strong,0,17
scat,male,KK,strong,0,18
scat,male,KK,strong,0,19
scat,male,KK,strong,0,20
scat,female,KK,strong,3.3,1
scat,female,KK,strong,84.3,2
scat,female,KK,strong,8.1,3
scat,female,KK,strong,32.3,4
scat,female,KK,strong,22.1,5
scat,female,KK,strong,54.4,6
scat,female,KK,strong,25,7
scat,female,KK,strong,23.5,8
scat,female,KK,strong,31.1,9
scat,female,KK,strong,17.7,10
scat,female,KK,strong,5.4,11
scat,female,KK,strong,63.4,12
scat,female,KK,strong,44.1,13
scat,female,KK,strong,7,14
scat,female,KK,strong,47.7,15
scat,female,KK,strong,91.2,16
scat,female,KK,strong,7.6,17
scat,female,KK,strong,88.9,18
scat,female,KK,strong,0,19
scat,female,KK,strong,0,20
CCKLR-17D3,female,KK,strong,12.3,1
CCKLR-17D3,female,KK,strong,101.8,2
CCKLR-17D3,female,KK,strong,39.3,3
CCKLR-17D3,female,KK,strong,47.1,4
CCKLR-17D3,female,KK,strong,119.4,5
CCKLR-17D3,female,KK,strong,68.8,6
CCKLR-17D3,female,KK,strong,64.6,7
CCKLR-17D3,female,KK,strong,34.7,8
CCKLR-17D3,female,KK,strong,76.1,9
CCKLR-17D3,female,KK,strong,42.9,10
CCKLR-17D3,female,KK,strong,6,11
CCKLR-17D3,female,KK,strong,127.7,12
CCKLR-17D3,female,KK,strong,14.8,13
CCKLR-17D3,female,KK,strong,46.6,14
CCKLR-17D3,female,KK,strong,11.9,15
CCKLR-17D3,female,KK,strong,107.1,16
CCKLR-17D3,female,KK,strong,39.5,17
CCKLR-17D3,female,KK,strong,2,18
CCKLR-17D3,female,KK,strong,26.5,19
CCKLR-17D3,female,KK,strong,0,20
CCKLR-17D3,male,KK,strong,51.7,1
CCKLR-17D3,male,KK,strong,83.4,2
CCKLR-17D3,male,KK,strong,48.4,3
CCKLR-17D3,male,KK,strong,81.9,4
CCKLR-17D3,male,KK,strong,65.5,5
CCKLR-17D3,male,KK,strong,61.7,6
CCKLR-17D3,male,KK,strong,81.2,7
CCKLR-17D3,male,KK,strong,85,8
CCKLR-17D3,male,KK,strong,27.4,9
CCKLR-17D3,male,KK,strong,48.3,10
CCKLR-17D3,male,KK,strong,60.4,11
CCKLR-17D3,male,KK,strong,49.9,12
CCKLR-17D3,male,KK,strong,89.7,13
CCKLR-17D3,male,KK,strong,101.5,14
CCKLR-17D3,male,KK,strong,64.6,15
CCKLR-17D3,male,KK,strong,39.2,16
CCKLR-17D3,male,KK,strong,25.2,17
CCKLR-17D3,male,KK,strong,46.8,18
CCKLR-17D3,male,KK,strong,68.7,19
CCKLR-17D3,male,KK,strong,0,20
pnt,female,KK,strong,66.3,1
pnt,female,KK,strong,33.7,2
pnt,female,KK,strong,7.6,3
pnt,female,KK,strong,85.8,4
pnt,female,KK,strong,2.7,5
pnt,female,KK,strong,26.5,6
pnt,female,KK,strong,0,7
pnt,female,KK,strong,0,8
pnt,female,KK,strong,0,9
pnt,female,KK,strong,0,10
pnt,female,KK,strong,0,11
pnt,female,KK,strong,0,12
pnt,female,KK,strong,0,13
pnt,female,KK,strong,0,14
pnt,female,KK,strong,0,15
pnt,female,KK,strong,0,16
pnt,female,KK,strong,0,17